"game_id","home_team","away_team","period","남은초","경과초","이벤트","선수","팀","홈마진","wp_home","알바노슛","버저비터"
"S47G01N72","원주 DB","서울 SK",1,600,0,"교체IN","헨리 엘런슨","원주 DB",0,0.5,FALSE,FALSE
"S47G01N72","원주 DB","서울 SK",1,600,0,"교체IN","서민수","원주 DB",0,0.5,FALSE,FALSE
"S47G01N72","원주 DB","서울 SK",1,600,0,"교체IN","이정현","원주 DB",0,0.5,FALSE,FALSE
"S47G01N72","원주 DB","서울 SK",1,600,0,"교체IN","박인웅","원주 DB",0,0.5,FALSE,FALSE
"S47G01N72","원주 DB","서울 SK",1,600,0,"교체IN","이선 알바노","원주 DB",0,0.5,FALSE,FALSE
"S47G01N72","원주 DB","서울 SK",1,600,0,"교체IN","김낙현","서울 SK",0,0.5,FALSE,FALSE
"S47G01N72","원주 DB","서울 SK",1,600,0,"교체IN","자밀 워니","서울 SK",0,0.5,FALSE,FALSE
"S47G01N72","원주 DB","서울 SK",1,600,0,"교체IN","최원혁","서울 SK",0,0.5,FALSE,FALSE
"S47G01N72","원주 DB","서울 SK",1,600,0,"교체IN","안영준","서울 SK",0,0.5,FALSE,FALSE
"S47G01N72","원주 DB","서울 SK",1,600,0,"교체IN","최부경","서울 SK",0,0.5,FALSE,FALSE
"S47G01N72","원주 DB","서울 SK",1,600,0,"쿼터시작",NA,NA,0,0.5,FALSE,FALSE
"S47G01N72","원주 DB","서울 SK",1,582,18,"3점 성공","서민수","원주 DB",0,0.505,FALSE,FALSE
"S47G01N72","원주 DB","서울 SK",1,582,18,"어시스트","이선 알바노","원주 DB",3,0.576,FALSE,FALSE
"S47G01N72","원주 DB","서울 SK",1,563,37,"파울","이선 알바노","원주 DB",3,0.567,FALSE,FALSE
"S47G01N72","원주 DB","서울 SK",1,563,37,"자유투부여",NA,"원주 DB",3,0.567,FALSE,FALSE
"S47G01N72","원주 DB","서울 SK",1,557,43,"3점 성공","최원혁","서울 SK",3,0.567,FALSE,FALSE
"S47G01N72","원주 DB","서울 SK",1,557,43,"어시스트","김낙현","서울 SK",0,0.495,FALSE,FALSE
"S47G01N72","원주 DB","서울 SK",1,537,63,"3점 실패","서민수","원주 DB",0,0.505,FALSE,FALSE
"S47G01N72","원주 DB","서울 SK",1,535,65,"수비리바","자밀 워니","서울 SK",0,0.505,FALSE,FALSE
"S47G01N72","원주 DB","서울 SK",1,528,72,"2점 실패","최부경","서울 SK",0,0.495,FALSE,FALSE
"S47G01N72","원주 DB","서울 SK",1,527,73,"수비리바","헨리 엘런슨","원주 DB",0,0.495,FALSE,FALSE
"S47G01N72","원주 DB","서울 SK",1,519,81,"code_214","헨리 엘런슨","원주 DB",0,0.495,FALSE,FALSE
"S47G01N72","원주 DB","서울 SK",1,518,82,"code_212","최원혁","서울 SK",0,0.495,FALSE,FALSE
"S47G01N72","원주 DB","서울 SK",1,508,92,"3점 성공","안영준","서울 SK",0,0.495,FALSE,FALSE
"S47G01N72","원주 DB","서울 SK",1,508,92,"어시스트","자밀 워니","서울 SK",-3,0.422,FALSE,FALSE
"S47G01N72","원주 DB","서울 SK",1,488,112,"2점 성공","이선 알바노","원주 DB",-3,0.432,TRUE,FALSE
"S47G01N72","원주 DB","서울 SK",1,488,112,"어시스트","헨리 엘런슨","원주 DB",-1,0.48,FALSE,FALSE
"S47G01N72","원주 DB","서울 SK",1,488,112,"code_226","이정현","원주 DB",-1,0.48,FALSE,FALSE
"S47G01N72","원주 DB","서울 SK",1,470,130,"2점 성공","자밀 워니","서울 SK",-1,0.47,FALSE,FALSE
"S47G01N72","원주 DB","서울 SK",1,459,141,"3점 성공","헨리 엘런슨","원주 DB",-3,0.431,FALSE,FALSE
"S47G01N72","원주 DB","서울 SK",1,436,164,"3점 성공","자밀 워니","서울 SK",0,0.495,FALSE,FALSE
"S47G01N72","원주 DB","서울 SK",1,436,164,"어시스트","김낙현","서울 SK",-3,0.421,FALSE,FALSE
"S47G01N72","원주 DB","서울 SK",1,412,188,"2점 실패","서민수","원주 DB",-3,0.431,FALSE,FALSE
"S47G01N72","원주 DB","서울 SK",1,410,190,"수비리바","안영준","서울 SK",-3,0.431,FALSE,FALSE
"S47G01N72","원주 DB","서울 SK",1,406,194,"code_215","서민수","원주 DB",-3,0.431,FALSE,FALSE
"S47G01N72","원주 DB","서울 SK",1,406,194,"자유투부여",NA,"원주 DB",-3,0.431,FALSE,FALSE
"S47G01N72","원주 DB","서울 SK",1,406,194,"자유투 성공","자밀 워니","서울 SK",-3,0.421,FALSE,FALSE
"S47G01N72","원주 DB","서울 SK",1,406,194,"어시스트","안영준","서울 SK",-4,0.396,FALSE,FALSE
"S47G01N72","원주 DB","서울 SK",1,406,194,"code_217",NA,"서울 SK",-4,0.396,FALSE,FALSE
"S47G01N72","원주 DB","서울 SK",1,406,194,"자유투 성공","자밀 워니","서울 SK",-4,0.396,FALSE,FALSE
"S47G01N72","원주 DB","서울 SK",1,389,211,"code_214","박인웅","원주 DB",-5,0.372,FALSE,FALSE
"S47G01N72","원주 DB","서울 SK",1,388,212,"code_212","김낙현","서울 SK",-5,0.372,FALSE,FALSE
"S47G01N72","원주 DB","서울 SK",1,384,216,"3점 실패","안영준","서울 SK",-5,0.372,FALSE,FALSE
"S47G01N72","원주 DB","서울 SK",1,382,218,"공격리바","자밀 워니","서울 SK",-5,0.372,FALSE,FALSE
"S47G01N72","원주 DB","서울 SK",1,382,218,"code_215","헨리 엘런슨","원주 DB",-5,0.372,FALSE,FALSE
"S47G01N72","원주 DB","서울 SK",1,382,218,"자유투부여",NA,"원주 DB",-5,0.372,FALSE,FALSE
"S47G01N72","원주 DB","서울 SK",1,382,218,"자유투 성공","자밀 워니","서울 SK",-5,0.372,FALSE,FALSE
"S47G01N72","원주 DB","서울 SK",1,382,218,"자유투 성공","자밀 워니","서울 SK",-6,0.348,FALSE,FALSE
"S47G01N72","원주 DB","서울 SK",1,382,218,"타임아웃",NA,"원주 DB",-7,0.325,FALSE,FALSE
"S47G01N72","원주 DB","서울 SK",1,381,219,"code_214","이정현","원주 DB",-7,0.325,FALSE,FALSE
"S47G01N72","원주 DB","서울 SK",1,380,220,"code_212","최부경","서울 SK",-7,0.325,FALSE,FALSE
"S47G01N72","원주 DB","서울 SK",1,373,227,"3점 실패","안영준","서울 SK",-7,0.325,FALSE,FALSE
"S47G01N72","원주 DB","서울 SK",1,372,228,"공격리바","최원혁","서울 SK",-7,0.325,FALSE,FALSE
"S47G01N72","원주 DB","서울 SK",1,372,228,"교체OUT","서민수","원주 DB",-7,0.325,FALSE,FALSE
"S47G01N72","원주 DB","서울 SK",1,372,228,"교체IN","김보배","원주 DB",-7,0.325,FALSE,FALSE
"S47G01N72","원주 DB","서울 SK",1,360,240,"2점 실패","자밀 워니","서울 SK",-7,0.325,FALSE,FALSE
"S47G01N72","원주 DB","서울 SK",1,359,241,"공격리바","김낙현","서울 SK",-7,0.325,FALSE,FALSE
"S47G01N72","원주 DB","서울 SK",1,359,241,"파울","이선 알바노","원주 DB",-7,0.325,FALSE,FALSE
"S47G01N72","원주 DB","서울 SK",1,359,241,"자유투부여",NA,"원주 DB",-7,0.325,FALSE,FALSE
"S47G01N72","원주 DB","서울 SK",1,346,254,"2점 실패","김낙현","서울 SK",-7,0.324,FALSE,FALSE
"S47G01N72","원주 DB","서울 SK",1,344,256,"수비리바","김보배","원주 DB",-7,0.324,FALSE,FALSE
"S47G01N72","원주 DB","서울 SK",1,338,262,"code_215","최부경","서울 SK",-7,0.324,FALSE,FALSE
"S47G01N72","원주 DB","서울 SK",1,338,262,"자유투부여",NA,"서울 SK",-7,0.324,FALSE,FALSE
"S47G01N72","원주 DB","서울 SK",1,338,262,"자유투 성공","헨리 엘런슨","원주 DB",-7,0.333,FALSE,FALSE
"S47G01N72","원주 DB","서울 SK",1,338,262,"어시스트","이선 알바노","원주 DB",-6,0.356,FALSE,FALSE
"S47G01N72","원주 DB","서울 SK",1,338,262,"자유투 성공","헨리 엘런슨","원주 DB",-6,0.356,FALSE,FALSE
"S47G01N72","원주 DB","서울 SK",1,319,281,"2점 실패","자밀 워니","서울 SK",-5,0.37,FALSE,FALSE
"S47G01N72","원주 DB","서울 SK",1,317,283,"수비리바","이정현","원주 DB",-5,0.37,FALSE,FALSE
"S47G01N72","원주 DB","서울 SK",1,314,286,"파울","안영준","서울 SK",-5,0.38,FALSE,FALSE
"S47G01N72","원주 DB","서울 SK",1,314,286,"자유투부여",NA,"서울 SK",-5,0.38,FALSE,FALSE
"S47G01N72","원주 DB","서울 SK",1,290,310,"2점 실패","헨리 엘런슨","원주 DB",-5,0.379,FALSE,FALSE
"S47G01N72","원주 DB","서울 SK",1,289,311,"수비리바","자밀 워니","서울 SK",-5,0.379,FALSE,FALSE
"S47G01N72","원주 DB","서울 SK",1,275,325,"3점 성공","최원혁","서울 SK",-5,0.369,FALSE,FALSE
"S47G01N72","원주 DB","서울 SK",1,275,325,"어시스트","자밀 워니","서울 SK",-8,0.299,FALSE,FALSE
"S47G01N72","원주 DB","서울 SK",1,275,325,"code_226","최부경","서울 SK",-8,0.299,FALSE,FALSE
"S47G01N72","원주 DB","서울 SK",1,259,341,"3점 실패","박인웅","원주 DB",-8,0.307,FALSE,FALSE
"S47G01N72","원주 DB","서울 SK",1,257,343,"수비리바","자밀 워니","서울 SK",-8,0.307,FALSE,FALSE
"S47G01N72","원주 DB","서울 SK",1,253,347,"code_215","김보배","원주 DB",-8,0.307,FALSE,FALSE
"S47G01N72","원주 DB","서울 SK",1,253,347,"자유투부여",NA,"원주 DB",-8,0.307,FALSE,FALSE
"S47G01N72","원주 DB","서울 SK",1,253,347,"교체OUT","최원혁","서울 SK",-8,0.307,FALSE,FALSE
"S47G01N72","원주 DB","서울 SK",1,253,347,"교체IN","김태훈","서울 SK",-8,0.307,FALSE,FALSE
"S47G01N72","원주 DB","서울 SK",1,253,347,"자유투 성공","최부경","서울 SK",-8,0.298,FALSE,FALSE
"S47G01N72","원주 DB","서울 SK",1,251,349,"자유투 실패","최부경","서울 SK",-9,0.275,FALSE,FALSE
"S47G01N72","원주 DB","서울 SK",1,250,350,"수비리바","헨리 엘런슨","원주 DB",-9,0.275,FALSE,FALSE
"S47G01N72","원주 DB","서울 SK",1,230,370,"3점 성공","헨리 엘런슨","원주 DB",-9,0.283,FALSE,FALSE
"S47G01N72","원주 DB","서울 SK",1,230,370,"어시스트","이정현","원주 DB",-6,0.353,FALSE,FALSE
"S47G01N72","원주 DB","서울 SK",1,222,378,"3점 실패","김낙현","서울 SK",-6,0.343,FALSE,FALSE
"S47G01N72","원주 DB","서울 SK",1,220,380,"수비리바","이선 알바노","원주 DB",-6,0.343,FALSE,FALSE
"S47G01N72","원주 DB","서울 SK",1,216,384,"파울","김낙현","서울 SK",-6,0.352,FALSE,FALSE
"S47G01N72","원주 DB","서울 SK",1,216,384,"자유투부여",NA,"서울 SK",-6,0.352,FALSE,FALSE
"S47G01N72","원주 DB","서울 SK",1,201,399,"2점 성공","헨리 엘런슨","원주 DB",-6,0.352,FALSE,FALSE
"S47G01N72","원주 DB","서울 SK",1,201,399,"어시스트","이정현","원주 DB",-4,0.402,FALSE,FALSE
"S47G01N72","원주 DB","서울 SK",1,179,421,"code_227","헨리 엘런슨","원주 DB",-4,0.401,FALSE,FALSE
"S47G01N72","원주 DB","서울 SK",1,178,422,"2점 실패","자밀 워니","서울 SK",-4,0.391,FALSE,FALSE
"S47G01N72","원주 DB","서울 SK",1,177,423,"공격리바","자밀 워니","서울 SK",-4,0.391,FALSE,FALSE
"S47G01N72","원주 DB","서울 SK",1,176,424,"2점 실패","자밀 워니","서울 SK",-4,0.391,FALSE,FALSE
"S47G01N72","원주 DB","서울 SK",1,175,425,"공격리바","안영준","서울 SK",-4,0.391,FALSE,FALSE
"S47G01N72","원주 DB","서울 SK",1,175,425,"2점 실패","안영준","서울 SK",-4,0.391,FALSE,FALSE
"S47G01N72","원주 DB","서울 SK",1,173,427,"공격리바","자밀 워니","서울 SK",-4,0.391,FALSE,FALSE
"S47G01N72","원주 DB","서울 SK",1,170,430,"2점 성공","자밀 워니","서울 SK",-4,0.391,FALSE,FALSE
"S47G01N72","원주 DB","서울 SK",1,157,443,"2점 성공","헨리 엘런슨","원주 DB",-6,0.35,FALSE,FALSE
"S47G01N72","원주 DB","서울 SK",1,157,443,"어시스트","이정현","원주 DB",-4,0.4,FALSE,FALSE
"S47G01N72","원주 DB","서울 SK",1,139,461,"2점 실패","안영준","서울 SK",-4,0.39,FALSE,FALSE
"S47G01N72","원주 DB","서울 SK",1,138,462,"공격리바","김태훈","서울 SK",-4,0.39,FALSE,FALSE
"S47G01N72","원주 DB","서울 SK",1,138,462,"code_215","이정현","원주 DB",-4,0.39,FALSE,FALSE
"S47G01N72","원주 DB","서울 SK",1,138,462,"교체OUT","자밀 워니","서울 SK",-4,0.39,FALSE,FALSE
"S47G01N72","원주 DB","서울 SK",1,138,462,"교체IN","대릴 먼로","서울 SK",-4,0.39,FALSE,FALSE
"S47G01N72","원주 DB","서울 SK",1,138,462,"교체OUT","안영준","서울 SK",-4,0.39,FALSE,FALSE
"S47G01N72","원주 DB","서울 SK",1,138,462,"교체IN","알빈 톨렌티노","서울 SK",-4,0.39,FALSE,FALSE
"S47G01N72","원주 DB","서울 SK",1,138,462,"자유투 성공","최부경","서울 SK",-4,0.39,FALSE,FALSE
"S47G01N72","원주 DB","서울 SK",1,138,462,"자유투 성공","최부경","서울 SK",-5,0.364,FALSE,FALSE
"S47G01N72","원주 DB","서울 SK",1,138,462,"교체OUT","최부경","서울 SK",-6,0.34,FALSE,FALSE
"S47G01N72","원주 DB","서울 SK",1,138,462,"교체IN","오세근","서울 SK",-6,0.34,FALSE,FALSE
"S47G01N72","원주 DB","서울 SK",1,118,482,"code_227","김태훈","서울 SK",-6,0.339,FALSE,FALSE
"S47G01N72","원주 DB","서울 SK",1,113,487,"3점 성공","헨리 엘런슨","원주 DB",-6,0.349,FALSE,FALSE
"S47G01N72","원주 DB","서울 SK",1,113,487,"어시스트","김보배","원주 DB",-3,0.425,FALSE,FALSE
"S47G01N72","원주 DB","서울 SK",1,98,502,"3점 성공","오세근","서울 SK",-3,0.415,FALSE,FALSE
"S47G01N72","원주 DB","서울 SK",1,98,502,"어시스트","김낙현","서울 SK",-6,0.338,FALSE,FALSE
"S47G01N72","원주 DB","서울 SK",1,87,513,"3점 실패","헨리 엘런슨","원주 DB",-6,0.348,FALSE,FALSE
"S47G01N72","원주 DB","서울 SK",1,87,513,"수비리바","김태훈","서울 SK",-6,0.348,FALSE,FALSE
"S47G01N72","원주 DB","서울 SK",1,82,518,"2점 실패","대릴 먼로","서울 SK",-6,0.337,FALSE,FALSE
"S47G01N72","원주 DB","서울 SK",1,81,519,"수비리바","헨리 엘런슨","원주 DB",-6,0.337,FALSE,FALSE
"S47G01N72","원주 DB","서울 SK",1,71,529,"3점 실패","박인웅","원주 DB",-6,0.347,FALSE,FALSE
"S47G01N72","원주 DB","서울 SK",1,70,530,"수비리바","알빈 톨렌티노","서울 SK",-6,0.347,FALSE,FALSE
"S47G01N72","원주 DB","서울 SK",1,52,548,"3점 성공","알빈 톨렌티노","서울 SK",-6,0.336,FALSE,FALSE
"S47G01N72","원주 DB","서울 SK",1,52,548,"어시스트","오세근","서울 SK",-9,0.265,FALSE,FALSE
"S47G01N72","원주 DB","서울 SK",1,41,559,"3점 성공","이정현","원주 DB",-9,0.274,FALSE,FALSE
"S47G01N72","원주 DB","서울 SK",1,41,559,"어시스트","이선 알바노","원주 DB",-6,0.346,FALSE,FALSE
"S47G01N72","원주 DB","서울 SK",1,30,570,"2점 실패","김낙현","서울 SK",-6,0.335,FALSE,FALSE
"S47G01N72","원주 DB","서울 SK",1,29,571,"수비리바","이정현","원주 DB",-6,0.335,FALSE,FALSE
"S47G01N72","원주 DB","서울 SK",1,20,580,"파울","김태훈","서울 SK",-6,0.345,FALSE,FALSE
"S47G01N72","원주 DB","서울 SK",1,20,580,"자유투부여",NA,"서울 SK",-6,0.345,FALSE,FALSE
"S47G01N72","원주 DB","서울 SK",1,20,580,"교체OUT","박인웅","원주 DB",-6,0.345,FALSE,FALSE
"S47G01N72","원주 DB","서울 SK",1,20,580,"교체IN","이용우","원주 DB",-6,0.345,FALSE,FALSE
"S47G01N72","원주 DB","서울 SK",1,14,586,"3점 성공","이정현","원주 DB",-6,0.345,FALSE,FALSE
"S47G01N72","원주 DB","서울 SK",1,1,599,"code_227","이정현","원주 DB",-3,0.423,FALSE,FALSE
"S47G01N72","원주 DB","서울 SK",1,1,599,"2점 실패","오세근","서울 SK",-3,0.412,FALSE,FALSE
"S47G01N72","원주 DB","서울 SK",1,0,600,"쿼터종료",NA,NA,-3,0.412,FALSE,FALSE
"S47G01N72","원주 DB","서울 SK",1,0,600,"교체OUT","헨리 엘런슨","원주 DB",-3,0.412,FALSE,FALSE
"S47G01N72","원주 DB","서울 SK",1,0,600,"교체OUT","이정현","원주 DB",-3,0.412,FALSE,FALSE
"S47G01N72","원주 DB","서울 SK",1,0,600,"교체OUT","이용우","원주 DB",-3,0.412,FALSE,FALSE
"S47G01N72","원주 DB","서울 SK",1,0,600,"교체OUT","김보배","원주 DB",-3,0.412,FALSE,FALSE
"S47G01N72","원주 DB","서울 SK",1,0,600,"교체OUT","이선 알바노","원주 DB",-3,0.412,FALSE,FALSE
"S47G01N72","원주 DB","서울 SK",1,0,600,"교체OUT","대릴 먼로","서울 SK",-3,0.412,FALSE,FALSE
"S47G01N72","원주 DB","서울 SK",1,0,600,"교체OUT","김낙현","서울 SK",-3,0.412,FALSE,FALSE
"S47G01N72","원주 DB","서울 SK",1,0,600,"교체OUT","김태훈","서울 SK",-3,0.412,FALSE,FALSE
"S47G01N72","원주 DB","서울 SK",1,0,600,"교체OUT","오세근","서울 SK",-3,0.412,FALSE,FALSE
"S47G01N72","원주 DB","서울 SK",1,0,600,"교체OUT","알빈 톨렌티노","서울 SK",-3,0.412,FALSE,FALSE
"S47G01N72","원주 DB","서울 SK",2,600,600,"교체IN","이정현","원주 DB",-3,0.412,FALSE,FALSE
"S47G01N72","원주 DB","서울 SK",2,600,600,"교체IN","이용우","원주 DB",-3,0.412,FALSE,FALSE
"S47G01N72","원주 DB","서울 SK",2,600,600,"교체IN","김보배","원주 DB",-3,0.412,FALSE,FALSE
"S47G01N72","원주 DB","서울 SK",2,600,600,"교체IN","이선 알바노","원주 DB",-3,0.412,FALSE,FALSE
"S47G01N72","원주 DB","서울 SK",2,600,600,"교체IN","헨리 엘런슨","원주 DB",-3,0.412,FALSE,FALSE
"S47G01N72","원주 DB","서울 SK",2,600,600,"교체IN","오세근","서울 SK",-3,0.412,FALSE,FALSE
"S47G01N72","원주 DB","서울 SK",2,600,600,"교체IN","알빈 톨렌티노","서울 SK",-3,0.412,FALSE,FALSE
"S47G01N72","원주 DB","서울 SK",2,600,600,"교체IN","대릴 먼로","서울 SK",-3,0.412,FALSE,FALSE
"S47G01N72","원주 DB","서울 SK",2,600,600,"교체IN","김낙현","서울 SK",-3,0.412,FALSE,FALSE
"S47G01N72","원주 DB","서울 SK",2,600,600,"교체IN","김태훈","서울 SK",-3,0.412,FALSE,FALSE
"S47G01N72","원주 DB","서울 SK",2,600,600,"쿼터시작",NA,NA,-3,0.412,FALSE,FALSE
"S47G01N72","원주 DB","서울 SK",2,600,600,"교체OUT","이선 알바노","원주 DB",-3,0.412,FALSE,FALSE
"S47G01N72","원주 DB","서울 SK",2,600,600,"교체IN","정호영","원주 DB",-3,0.412,FALSE,FALSE
"S47G01N72","원주 DB","서울 SK",2,600,600,"교체OUT","김낙현","서울 SK",-3,0.412,FALSE,FALSE
"S47G01N72","원주 DB","서울 SK",2,600,600,"교체OUT","김태훈","서울 SK",-3,0.412,FALSE,FALSE
"S47G01N72","원주 DB","서울 SK",2,600,600,"교체IN","이민서","서울 SK",-3,0.412,FALSE,FALSE
"S47G01N72","원주 DB","서울 SK",2,600,600,"교체IN","최원혁","서울 SK",-3,0.412,FALSE,FALSE
"S47G01N72","원주 DB","서울 SK",2,582,618,"2점 실패","알빈 톨렌티노","서울 SK",-3,0.412,FALSE,FALSE
"S47G01N72","원주 DB","서울 SK",2,581,619,"수비리바","이용우","원주 DB",-3,0.412,FALSE,FALSE
"S47G01N72","원주 DB","서울 SK",2,565,635,"3점 실패","이용우","원주 DB",-3,0.422,FALSE,FALSE
"S47G01N72","원주 DB","서울 SK",2,564,636,"공격리바","김보배","원주 DB",-3,0.422,FALSE,FALSE
"S47G01N72","원주 DB","서울 SK",2,559,641,"3점 실패","이정현","원주 DB",-3,0.422,FALSE,FALSE
"S47G01N72","원주 DB","서울 SK",2,556,644,"수비리바","최원혁","서울 SK",-3,0.422,FALSE,FALSE
"S47G01N72","원주 DB","서울 SK",2,533,667,"2점 성공","대릴 먼로","서울 SK",-3,0.411,FALSE,FALSE
"S47G01N72","원주 DB","서울 SK",2,533,667,"어시스트","오세근","서울 SK",-5,0.357,FALSE,FALSE
"S47G01N72","원주 DB","서울 SK",2,516,684,"2점 성공","정호영","원주 DB",-5,0.367,FALSE,FALSE
"S47G01N72","원주 DB","서울 SK",2,516,684,"어시스트","이정현","원주 DB",-3,0.421,FALSE,FALSE
"S47G01N72","원주 DB","서울 SK",2,503,697,"code_214","이민서","서울 SK",-3,0.421,FALSE,FALSE
"S47G01N72","원주 DB","서울 SK",2,485,715,"code_227","오세근","서울 SK",-3,0.421,FALSE,FALSE
"S47G01N72","원주 DB","서울 SK",2,485,715,"2점 성공","헨리 엘런슨","원주 DB",-3,0.421,FALSE,FALSE
"S47G01N72","원주 DB","서울 SK",2,485,715,"타임아웃",NA,"서울 SK",-1,0.477,FALSE,FALSE
"S47G01N72","원주 DB","서울 SK",2,485,715,"교체OUT","알빈 톨렌티노","서울 SK",-1,0.477,FALSE,FALSE
"S47G01N72","원주 DB","서울 SK",2,485,715,"교체IN","안영준","서울 SK",-1,0.477,FALSE,FALSE
"S47G01N72","원주 DB","서울 SK",2,473,727,"3점 성공","오세근","서울 SK",-1,0.466,FALSE,FALSE
"S47G01N72","원주 DB","서울 SK",2,473,727,"어시스트","이민서","서울 SK",-4,0.381,FALSE,FALSE
"S47G01N72","원주 DB","서울 SK",2,473,727,"code_226","대릴 먼로","서울 SK",-4,0.381,FALSE,FALSE
"S47G01N72","원주 DB","서울 SK",2,447,753,"code_214","이정현","원주 DB",-4,0.381,FALSE,FALSE
"S47G01N72","원주 DB","서울 SK",2,445,755,"code_212","오세근","서울 SK",-4,0.381,FALSE,FALSE
"S47G01N72","원주 DB","서울 SK",2,444,756,"파울","이용우","원주 DB",-4,0.38,FALSE,FALSE
"S47G01N72","원주 DB","서울 SK",2,444,756,"자유투부여",NA,"원주 DB",-4,0.38,FALSE,FALSE
"S47G01N72","원주 DB","서울 SK",2,433,767,"3점 실패","오세근","서울 SK",-4,0.38,FALSE,FALSE
"S47G01N72","원주 DB","서울 SK",2,432,768,"수비리바","정호영","원주 DB",-4,0.38,FALSE,FALSE
"S47G01N72","원주 DB","서울 SK",2,424,776,"3점 성공","헨리 엘런슨","원주 DB",-4,0.391,FALSE,FALSE
"S47G01N72","원주 DB","서울 SK",2,410,790,"3점 실패","이민서","서울 SK",-1,0.465,FALSE,FALSE
"S47G01N72","원주 DB","서울 SK",2,409,791,"code_218",NA,"원주 DB",-1,0.465,FALSE,FALSE
"S47G01N72","원주 DB","서울 SK",2,409,791,"교체OUT","이민서","서울 SK",-1,0.465,FALSE,FALSE
"S47G01N72","원주 DB","서울 SK",2,409,791,"교체IN","김낙현","서울 SK",-1,0.465,FALSE,FALSE
"S47G01N72","원주 DB","서울 SK",2,386,814,"3점 성공","정호영","원주 DB",-1,0.477,FALSE,FALSE
"S47G01N72","원주 DB","서울 SK",2,355,845,"2점 실패","안영준","서울 SK",2,0.553,FALSE,FALSE
"S47G01N72","원주 DB","서울 SK",2,352,848,"수비리바","김보배","원주 DB",2,0.553,FALSE,FALSE
"S47G01N72","원주 DB","서울 SK",2,346,854,"파울","최원혁","서울 SK",2,0.565,FALSE,FALSE
"S47G01N72","원주 DB","서울 SK",2,346,854,"자유투부여",NA,"서울 SK",2,0.565,FALSE,FALSE
"S47G01N72","원주 DB","서울 SK",2,346,854,"교체OUT","대릴 먼로","서울 SK",2,0.565,FALSE,FALSE
"S47G01N72","원주 DB","서울 SK",2,346,854,"교체IN","자밀 워니","서울 SK",2,0.565,FALSE,FALSE
"S47G01N72","원주 DB","서울 SK",2,346,854,"교체OUT","오세근","서울 SK",2,0.565,FALSE,FALSE
"S47G01N72","원주 DB","서울 SK",2,346,854,"교체IN","김형빈","서울 SK",2,0.565,FALSE,FALSE
"S47G01N72","원주 DB","서울 SK",2,346,854,"교체OUT","이정현","원주 DB",2,0.565,FALSE,FALSE
"S47G01N72","원주 DB","서울 SK",2,346,854,"교체IN","박인웅","원주 DB",2,0.565,FALSE,FALSE
"S47G01N72","원주 DB","서울 SK",2,346,854,"교체OUT","헨리 엘런슨","원주 DB",2,0.565,FALSE,FALSE
"S47G01N72","원주 DB","서울 SK",2,346,854,"교체IN","에삼 무스타파","원주 DB",2,0.565,FALSE,FALSE
"S47G01N72","원주 DB","서울 SK",2,346,854,"교체OUT","이용우","원주 DB",2,0.565,FALSE,FALSE
"S47G01N72","원주 DB","서울 SK",2,346,854,"교체IN","이선 알바노","원주 DB",2,0.565,FALSE,FALSE
"S47G01N72","원주 DB","서울 SK",2,346,854,"교체OUT","김보배","원주 DB",2,0.565,FALSE,FALSE
"S47G01N72","원주 DB","서울 SK",2,346,854,"교체IN","정효근","원주 DB",2,0.565,FALSE,FALSE
"S47G01N72","원주 DB","서울 SK",2,335,865,"2점 실패","정호영","원주 DB",2,0.566,FALSE,FALSE
"S47G01N72","원주 DB","서울 SK",2,333,867,"공격리바","에삼 무스타파","원주 DB",2,0.566,FALSE,FALSE
"S47G01N72","원주 DB","서울 SK",2,332,868,"2점 성공","에삼 무스타파","원주 DB",2,0.566,FALSE,FALSE
"S47G01N72","원주 DB","서울 SK",2,309,891,"3점 실패","최원혁","서울 SK",4,0.613,FALSE,FALSE
"S47G01N72","원주 DB","서울 SK",2,308,892,"수비리바","이선 알바노","원주 DB",4,0.613,FALSE,FALSE
"S47G01N72","원주 DB","서울 SK",2,301,899,"3점 성공","이선 알바노","원주 DB",4,0.625,TRUE,FALSE
"S47G01N72","원주 DB","서울 SK",2,301,899,"code_226","에삼 무스타파","원주 DB",7,0.707,FALSE,FALSE
"S47G01N72","원주 DB","서울 SK",2,301,899,"타임아웃",NA,"서울 SK",7,0.707,FALSE,FALSE
"S47G01N72","원주 DB","서울 SK",2,292,908,"파울","박인웅","원주 DB",7,0.697,FALSE,FALSE
"S47G01N72","원주 DB","서울 SK",2,292,908,"자유투부여",NA,"원주 DB",7,0.697,FALSE,FALSE
"S47G01N72","원주 DB","서울 SK",2,278,922,"2점 성공","자밀 워니","서울 SK",7,0.698,FALSE,FALSE
"S47G01N72","원주 DB","서울 SK",2,252,948,"2점 성공","정효근","원주 DB",5,0.656,FALSE,FALSE
"S47G01N72","원주 DB","서울 SK",2,235,965,"3점 실패","김형빈","서울 SK",7,0.701,FALSE,FALSE
"S47G01N72","원주 DB","서울 SK",2,233,967,"수비리바","이선 알바노","원주 DB",7,0.701,FALSE,FALSE
"S47G01N72","원주 DB","서울 SK",2,231,969,"파울","김형빈","서울 SK",7,0.712,FALSE,FALSE
"S47G01N72","원주 DB","서울 SK",2,231,969,"자유투부여",NA,"서울 SK",7,0.712,FALSE,FALSE
"S47G01N72","원주 DB","서울 SK",2,221,979,"code_227","김낙현","서울 SK",7,0.713,FALSE,FALSE
"S47G01N72","원주 DB","서울 SK",2,219,981,"파울","김형빈","서울 SK",7,0.713,FALSE,FALSE
"S47G01N72","원주 DB","서울 SK",2,219,981,"자유투부여",NA,"서울 SK",7,0.713,FALSE,FALSE
"S47G01N72","원주 DB","서울 SK",2,208,992,"3점 실패","이선 알바노","원주 DB",7,0.713,TRUE,FALSE
"S47G01N72","원주 DB","서울 SK",2,208,992,"공격리바","에삼 무스타파","원주 DB",7,0.713,FALSE,FALSE
"S47G01N72","원주 DB","서울 SK",2,204,996,"2점 성공","에삼 무스타파","원주 DB",7,0.714,FALSE,FALSE
"S47G01N72","원주 DB","서울 SK",2,189,1011,"3점 성공","김낙현","서울 SK",9,0.756,FALSE,FALSE
"S47G01N72","원주 DB","서울 SK",2,189,1011,"code_226","자밀 워니","서울 SK",6,0.676,FALSE,FALSE
"S47G01N72","원주 DB","서울 SK",2,167,1033,"2점 성공","에삼 무스타파","원주 DB",6,0.689,FALSE,FALSE
"S47G01N72","원주 DB","서울 SK",2,167,1033,"어시스트","정효근","원주 DB",8,0.743,FALSE,FALSE
"S47G01N72","원주 DB","서울 SK",2,155,1045,"3점 성공","자밀 워니","서울 SK",8,0.733,FALSE,FALSE
"S47G01N72","원주 DB","서울 SK",2,155,1045,"어시스트","안영준","서울 SK",5,0.649,FALSE,FALSE
"S47G01N72","원주 DB","서울 SK",2,137,1063,"2점 실패","이선 알바노","원주 DB",5,0.662,TRUE,FALSE
"S47G01N72","원주 DB","서울 SK",2,136,1064,"공격리바","이선 알바노","원주 DB",5,0.662,FALSE,FALSE
"S47G01N72","원주 DB","서울 SK",2,133,1067,"code_214","이선 알바노","원주 DB",5,0.662,FALSE,FALSE
"S47G01N72","원주 DB","서울 SK",2,132,1068,"code_212","김낙현","서울 SK",5,0.662,FALSE,FALSE
"S47G01N72","원주 DB","서울 SK",2,131,1069,"code_215","정호영","원주 DB",5,0.662,FALSE,FALSE
"S47G01N72","원주 DB","서울 SK",2,131,1069,"자유투부여",NA,"원주 DB",5,0.662,FALSE,FALSE
"S47G01N72","원주 DB","서울 SK",2,131,1069,"교체OUT","최원혁","서울 SK",5,0.662,FALSE,FALSE
"S47G01N72","원주 DB","서울 SK",2,131,1069,"교체IN","김태훈","서울 SK",5,0.662,FALSE,FALSE
"S47G01N72","원주 DB","서울 SK",2,131,1069,"타임아웃",NA,"원주 DB",5,0.662,FALSE,FALSE
"S47G01N72","원주 DB","서울 SK",2,131,1069,"자유투 성공","자밀 워니","서울 SK",5,0.65,FALSE,FALSE
"S47G01N72","원주 DB","서울 SK",2,131,1069,"어시스트","최원혁","서울 SK",4,0.62,FALSE,FALSE
"S47G01N72","원주 DB","서울 SK",2,131,1069,"code_217",NA,"서울 SK",4,0.62,FALSE,FALSE
"S47G01N72","원주 DB","서울 SK",2,131,1069,"자유투 실패","자밀 워니","서울 SK",4,0.62,FALSE,FALSE
"S47G01N72","원주 DB","서울 SK",2,129,1071,"수비리바","정효근","원주 DB",4,0.62,FALSE,FALSE
"S47G01N72","원주 DB","서울 SK",2,115,1085,"파울","김태훈","서울 SK",4,0.633,FALSE,FALSE
"S47G01N72","원주 DB","서울 SK",2,115,1085,"자유투부여",NA,"서울 SK",4,0.633,FALSE,FALSE
"S47G01N72","원주 DB","서울 SK",2,111,1089,"2점 성공","이선 알바노","원주 DB",4,0.633,TRUE,FALSE
"S47G01N72","원주 DB","서울 SK",2,111,1089,"어시스트","에삼 무스타파","원주 DB",6,0.692,FALSE,FALSE
"S47G01N72","원주 DB","서울 SK",2,102,1098,"2점 실패","안영준","서울 SK",6,0.681,FALSE,FALSE
"S47G01N72","원주 DB","서울 SK",2,101,1099,"블록","정효근","원주 DB",6,0.682,FALSE,FALSE
"S47G01N72","원주 DB","서울 SK",2,101,1099,"수비리바","정호영","원주 DB",6,0.682,FALSE,FALSE
"S47G01N72","원주 DB","서울 SK",2,88,1112,"2점 성공","에삼 무스타파","원주 DB",6,0.694,FALSE,FALSE
"S47G01N72","원주 DB","서울 SK",2,68,1132,"3점 성공","자밀 워니","서울 SK",8,0.74,FALSE,FALSE
"S47G01N72","원주 DB","서울 SK",2,68,1132,"어시스트","김낙현","서울 SK",5,0.654,FALSE,FALSE
"S47G01N72","원주 DB","서울 SK",2,52,1148,"3점 성공","박인웅","원주 DB",5,0.667,FALSE,FALSE
"S47G01N72","원주 DB","서울 SK",2,52,1148,"어시스트","에삼 무스타파","원주 DB",8,0.752,FALSE,FALSE
"S47G01N72","원주 DB","서울 SK",2,34,1166,"3점 실패","김낙현","서울 SK",8,0.743,FALSE,FALSE
"S47G01N72","원주 DB","서울 SK",2,34,1166,"code_218",NA,"원주 DB",8,0.743,FALSE,FALSE
"S47G01N72","원주 DB","서울 SK",2,23,1177,"3점 성공","에삼 무스타파","원주 DB",8,0.754,FALSE,FALSE
"S47G01N72","원주 DB","서울 SK",2,23,1177,"어시스트","이선 알바노","원주 DB",11,0.826,FALSE,FALSE
"S47G01N72","원주 DB","서울 SK",2,5,1195,"파울","정효근","원주 DB",11,0.819,FALSE,FALSE
"S47G01N72","원주 DB","서울 SK",2,5,1195,"자유투부여",NA,"원주 DB",11,0.819,FALSE,FALSE
"S47G01N72","원주 DB","서울 SK",2,2,1198,"3점 실패","자밀 워니","서울 SK",11,0.82,FALSE,FALSE
"S47G01N72","원주 DB","서울 SK",2,1,1199,"공격리바","안영준","서울 SK",11,0.82,FALSE,FALSE
"S47G01N72","원주 DB","서울 SK",2,1,1199,"2점 성공","안영준","서울 SK",11,0.82,FALSE,FALSE
"S47G01N72","원주 DB","서울 SK",2,0,1200,"쿼터종료",NA,NA,9,0.772,FALSE,FALSE
"S47G01N72","원주 DB","서울 SK",2,0,1200,"교체OUT","박인웅","원주 DB",9,0.772,FALSE,FALSE
"S47G01N72","원주 DB","서울 SK",2,0,1200,"교체OUT","에삼 무스타파","원주 DB",9,0.772,FALSE,FALSE
"S47G01N72","원주 DB","서울 SK",2,0,1200,"교체OUT","정호영","원주 DB",9,0.772,FALSE,FALSE
"S47G01N72","원주 DB","서울 SK",2,0,1200,"교체OUT","정효근","원주 DB",9,0.772,FALSE,FALSE
"S47G01N72","원주 DB","서울 SK",2,0,1200,"교체OUT","이선 알바노","원주 DB",9,0.772,FALSE,FALSE
"S47G01N72","원주 DB","서울 SK",2,0,1200,"교체OUT","김낙현","서울 SK",9,0.772,FALSE,FALSE
"S47G01N72","원주 DB","서울 SK",2,0,1200,"교체OUT","김태훈","서울 SK",9,0.772,FALSE,FALSE
"S47G01N72","원주 DB","서울 SK",2,0,1200,"교체OUT","자밀 워니","서울 SK",9,0.772,FALSE,FALSE
"S47G01N72","원주 DB","서울 SK",2,0,1200,"교체OUT","김형빈","서울 SK",9,0.772,FALSE,FALSE
"S47G01N72","원주 DB","서울 SK",2,0,1200,"교체OUT","안영준","서울 SK",9,0.772,FALSE,FALSE
"S47G01N72","원주 DB","서울 SK",3,600,1200,"교체IN","정호영","원주 DB",9,0.772,FALSE,FALSE
"S47G01N72","원주 DB","서울 SK",3,600,1200,"교체IN","정효근","원주 DB",9,0.772,FALSE,FALSE
"S47G01N72","원주 DB","서울 SK",3,600,1200,"교체IN","이선 알바노","원주 DB",9,0.772,FALSE,FALSE
"S47G01N72","원주 DB","서울 SK",3,600,1200,"교체IN","박인웅","원주 DB",9,0.772,FALSE,FALSE
"S47G01N72","원주 DB","서울 SK",3,600,1200,"교체IN","에삼 무스타파","원주 DB",9,0.772,FALSE,FALSE
"S47G01N72","원주 DB","서울 SK",3,600,1200,"교체IN","김형빈","서울 SK",9,0.772,FALSE,FALSE
"S47G01N72","원주 DB","서울 SK",3,600,1200,"교체IN","안영준","서울 SK",9,0.772,FALSE,FALSE
"S47G01N72","원주 DB","서울 SK",3,600,1200,"교체IN","김낙현","서울 SK",9,0.772,FALSE,FALSE
"S47G01N72","원주 DB","서울 SK",3,600,1200,"교체IN","김태훈","서울 SK",9,0.772,FALSE,FALSE
"S47G01N72","원주 DB","서울 SK",3,600,1200,"교체IN","자밀 워니","서울 SK",9,0.772,FALSE,FALSE
"S47G01N72","원주 DB","서울 SK",3,600,1200,"쿼터시작",NA,NA,9,0.772,FALSE,FALSE
"S47G01N72","원주 DB","서울 SK",3,600,1200,"교체OUT","김태훈","서울 SK",9,0.772,FALSE,FALSE
"S47G01N72","원주 DB","서울 SK",3,600,1200,"교체OUT","김형빈","서울 SK",9,0.772,FALSE,FALSE
"S47G01N72","원주 DB","서울 SK",3,600,1200,"교체IN","최원혁","서울 SK",9,0.772,FALSE,FALSE
"S47G01N72","원주 DB","서울 SK",3,600,1200,"교체IN","최부경","서울 SK",9,0.772,FALSE,FALSE
"S47G01N72","원주 DB","서울 SK",3,583,1217,"code_214","정호영","원주 DB",9,0.774,FALSE,FALSE
"S47G01N72","원주 DB","서울 SK",3,582,1218,"code_212","김낙현","서울 SK",9,0.774,FALSE,FALSE
"S47G01N72","원주 DB","서울 SK",3,570,1230,"2점 성공","자밀 워니","서울 SK",9,0.775,FALSE,FALSE
"S47G01N72","원주 DB","서울 SK",3,543,1257,"2점 실패","박인웅","원주 DB",7,0.734,FALSE,FALSE
"S47G01N72","원주 DB","서울 SK",3,543,1257,"블록","최원혁","서울 SK",7,0.734,FALSE,FALSE
"S47G01N72","원주 DB","서울 SK",3,543,1257,"code_218",NA,"원주 DB",7,0.734,FALSE,FALSE
"S47G01N72","원주 DB","서울 SK",3,542,1258,"code_223",NA,"원주 DB",7,0.734,FALSE,FALSE
"S47G01N72","원주 DB","서울 SK",3,522,1278,"3점 실패","자밀 워니","서울 SK",7,0.724,FALSE,FALSE
"S47G01N72","원주 DB","서울 SK",3,519,1281,"수비리바","박인웅","원주 DB",7,0.725,FALSE,FALSE
"S47G01N72","원주 DB","서울 SK",3,510,1290,"파울","김낙현","서울 SK",7,0.737,FALSE,FALSE
"S47G01N72","원주 DB","서울 SK",3,510,1290,"자유투부여",NA,"서울 SK",7,0.737,FALSE,FALSE
"S47G01N72","원주 DB","서울 SK",3,506,1294,"2점 실패","이선 알바노","원주 DB",7,0.738,TRUE,FALSE
"S47G01N72","원주 DB","서울 SK",3,505,1295,"공격리바","정효근","원주 DB",7,0.738,FALSE,FALSE
"S47G01N72","원주 DB","서울 SK",3,494,1306,"2점 실패","정호영","원주 DB",7,0.739,FALSE,FALSE
"S47G01N72","원주 DB","서울 SK",3,492,1308,"수비리바","김낙현","서울 SK",7,0.739,FALSE,FALSE
"S47G01N72","원주 DB","서울 SK",3,487,1313,"2점 성공","안영준","서울 SK",7,0.728,FALSE,FALSE
"S47G01N72","원주 DB","서울 SK",3,487,1313,"code_217",NA,"서울 SK",5,0.665,FALSE,FALSE
"S47G01N72","원주 DB","서울 SK",3,474,1326,"3점 실패","에삼 무스타파","원주 DB",5,0.679,FALSE,FALSE
"S47G01N72","원주 DB","서울 SK",3,473,1327,"code_218",NA,"원주 DB",5,0.679,FALSE,FALSE
"S47G01N72","원주 DB","서울 SK",3,473,1327,"교체OUT","정호영","원주 DB",5,0.679,FALSE,FALSE
"S47G01N72","원주 DB","서울 SK",3,473,1327,"교체IN","이정현","원주 DB",5,0.679,FALSE,FALSE
"S47G01N72","원주 DB","서울 SK",3,466,1334,"2점 성공","정효근","원주 DB",5,0.68,FALSE,FALSE
"S47G01N72","원주 DB","서울 SK",3,466,1334,"어시스트","이정현","원주 DB",7,0.741,FALSE,FALSE
"S47G01N72","원주 DB","서울 SK",3,452,1348,"code_215","에삼 무스타파","원주 DB",7,0.743,FALSE,FALSE
"S47G01N72","원주 DB","서울 SK",3,452,1348,"자유투부여",NA,"원주 DB",7,0.743,FALSE,FALSE
"S47G01N72","원주 DB","서울 SK",3,452,1348,"자유투 성공","자밀 워니","서울 SK",7,0.731,FALSE,FALSE
"S47G01N72","원주 DB","서울 SK",3,452,1348,"자유투 실패","자밀 워니","서울 SK",6,0.7,FALSE,FALSE
"S47G01N72","원주 DB","서울 SK",3,450,1350,"수비리바","정효근","원주 DB",6,0.7,FALSE,FALSE
"S47G01N72","원주 DB","서울 SK",3,431,1369,"3점 실패","박인웅","원주 DB",6,0.715,FALSE,FALSE
"S47G01N72","원주 DB","서울 SK",3,430,1370,"수비리바","김낙현","서울 SK",6,0.715,FALSE,FALSE
"S47G01N72","원주 DB","서울 SK",3,418,1382,"2점 성공","김낙현","서울 SK",6,0.703,FALSE,FALSE
"S47G01N72","원주 DB","서울 SK",3,418,1382,"어시스트","자밀 워니","서울 SK",4,0.637,FALSE,FALSE
"S47G01N72","원주 DB","서울 SK",3,401,1399,"3점 실패","정효근","원주 DB",4,0.652,FALSE,FALSE
"S47G01N72","원주 DB","서울 SK",3,399,1401,"수비리바","자밀 워니","서울 SK",4,0.652,FALSE,FALSE
"S47G01N72","원주 DB","서울 SK",3,394,1406,"2점 실패","안영준","서울 SK",4,0.638,FALSE,FALSE
"S47G01N72","원주 DB","서울 SK",3,392,1408,"공격리바","최부경","서울 SK",4,0.638,FALSE,FALSE
"S47G01N72","원주 DB","서울 SK",3,391,1409,"2점 실패","최부경","서울 SK",4,0.638,FALSE,FALSE
"S47G01N72","원주 DB","서울 SK",3,391,1409,"블록","정효근","원주 DB",4,0.638,FALSE,FALSE
"S47G01N72","원주 DB","서울 SK",3,391,1409,"code_218",NA,"서울 SK",4,0.638,FALSE,FALSE
"S47G01N72","원주 DB","서울 SK",3,391,1409,"교체OUT","에삼 무스타파","원주 DB",4,0.638,FALSE,FALSE
"S47G01N72","원주 DB","서울 SK",3,391,1409,"교체IN","헨리 엘런슨","원주 DB",4,0.638,FALSE,FALSE
"S47G01N72","원주 DB","서울 SK",3,391,1409,"교체OUT","최부경","서울 SK",4,0.638,FALSE,FALSE
"S47G01N72","원주 DB","서울 SK",3,391,1409,"교체IN","오세근","서울 SK",4,0.638,FALSE,FALSE
"S47G01N72","원주 DB","서울 SK",3,391,1409,"교체OUT","정효근","원주 DB",4,0.638,FALSE,FALSE
"S47G01N72","원주 DB","서울 SK",3,391,1409,"교체IN","김보배","원주 DB",4,0.638,FALSE,FALSE
"S47G01N72","원주 DB","서울 SK",3,376,1424,"2점 실패","자밀 워니","서울 SK",4,0.639,FALSE,FALSE
"S47G01N72","원주 DB","서울 SK",3,374,1426,"수비리바","헨리 엘런슨","원주 DB",4,0.64,FALSE,FALSE
"S47G01N72","원주 DB","서울 SK",3,372,1428,"파울","최원혁","서울 SK",4,0.654,FALSE,FALSE
"S47G01N72","원주 DB","서울 SK",3,372,1428,"자유투부여",NA,"서울 SK",4,0.654,FALSE,FALSE
"S47G01N72","원주 DB","서울 SK",3,356,1444,"2점 성공","이선 알바노","원주 DB",4,0.655,TRUE,FALSE
"S47G01N72","원주 DB","서울 SK",3,356,1444,"code_215","오세근","서울 SK",6,0.722,FALSE,FALSE
"S47G01N72","원주 DB","서울 SK",3,356,1444,"자유투부여",NA,"서울 SK",6,0.722,FALSE,FALSE
"S47G01N72","원주 DB","서울 SK",3,356,1444,"자유투 실패","이선 알바노","원주 DB",6,0.722,FALSE,FALSE
"S47G01N72","원주 DB","서울 SK",3,354,1446,"수비리바","오세근","서울 SK",6,0.722,FALSE,FALSE
"S47G01N72","원주 DB","서울 SK",3,331,1469,"3점 실패","최원혁","서울 SK",6,0.712,FALSE,FALSE
"S47G01N72","원주 DB","서울 SK",3,330,1470,"수비리바","헨리 엘런슨","원주 DB",6,0.712,FALSE,FALSE
"S47G01N72","원주 DB","서울 SK",3,322,1478,"code_227","자밀 워니","서울 SK",6,0.712,FALSE,FALSE
"S47G01N72","원주 DB","서울 SK",3,311,1489,"code_214","헨리 엘런슨","원주 DB",6,0.714,FALSE,FALSE
"S47G01N72","원주 DB","서울 SK",3,310,1490,"code_212","최원혁","서울 SK",6,0.714,FALSE,FALSE
"S47G01N72","원주 DB","서울 SK",3,306,1494,"code_214","자밀 워니","서울 SK",6,0.714,FALSE,FALSE
"S47G01N72","원주 DB","서울 SK",3,305,1495,"code_212","이선 알바노","원주 DB",6,0.714,FALSE,FALSE
"S47G01N72","원주 DB","서울 SK",3,298,1502,"파울","최원혁","서울 SK",6,0.728,FALSE,FALSE
"S47G01N72","원주 DB","서울 SK",3,298,1502,"자유투부여",NA,"서울 SK",6,0.728,FALSE,FALSE
"S47G01N72","원주 DB","서울 SK",3,288,1512,"code_215","최원혁","서울 SK",6,0.729,FALSE,FALSE
"S47G01N72","원주 DB","서울 SK",3,288,1512,"자유투부여",NA,"서울 SK",6,0.729,FALSE,FALSE
"S47G01N72","원주 DB","서울 SK",3,288,1512,"교체OUT","박인웅","원주 DB",6,0.729,FALSE,FALSE
"S47G01N72","원주 DB","서울 SK",3,288,1512,"교체IN","이용우","원주 DB",6,0.729,FALSE,FALSE
"S47G01N72","원주 DB","서울 SK",3,288,1512,"교체OUT","최원혁","서울 SK",6,0.729,FALSE,FALSE
"S47G01N72","원주 DB","서울 SK",3,288,1512,"교체IN","알빈 톨렌티노","서울 SK",6,0.729,FALSE,FALSE
"S47G01N72","원주 DB","서울 SK",3,288,1512,"교체OUT","오세근","서울 SK",6,0.729,FALSE,FALSE
"S47G01N72","원주 DB","서울 SK",3,288,1512,"교체IN","최부경","서울 SK",6,0.729,FALSE,FALSE
"S47G01N72","원주 DB","서울 SK",3,288,1512,"자유투 성공","김보배","원주 DB",6,0.729,FALSE,FALSE
"S47G01N72","원주 DB","서울 SK",3,288,1512,"자유투 실패","김보배","원주 DB",7,0.761,FALSE,FALSE
"S47G01N72","원주 DB","서울 SK",3,286,1514,"수비리바","안영준","서울 SK",7,0.761,FALSE,FALSE
"S47G01N72","원주 DB","서울 SK",3,265,1535,"2점 실패","안영준","서울 SK",7,0.751,FALSE,FALSE
"S47G01N72","원주 DB","서울 SK",3,264,1536,"수비리바","헨리 엘런슨","원주 DB",7,0.751,FALSE,FALSE
"S47G01N72","원주 DB","서울 SK",3,253,1547,"2점 실패","헨리 엘런슨","원주 DB",7,0.765,FALSE,FALSE
"S47G01N72","원주 DB","서울 SK",3,251,1549,"공격리바","김보배","원주 DB",7,0.766,FALSE,FALSE
"S47G01N72","원주 DB","서울 SK",3,251,1549,"2점 성공","김보배","원주 DB",7,0.766,FALSE,FALSE
"S47G01N72","원주 DB","서울 SK",3,237,1563,"code_214","알빈 톨렌티노","서울 SK",9,0.825,FALSE,FALSE
"S47G01N72","원주 DB","서울 SK",3,227,1573,"2점 성공","이선 알바노","원주 DB",9,0.826,TRUE,FALSE
"S47G01N72","원주 DB","서울 SK",3,227,1573,"어시스트","김보배","원주 DB",11,0.874,FALSE,FALSE
"S47G01N72","원주 DB","서울 SK",3,227,1573,"code_226","헨리 엘런슨","원주 DB",11,0.874,FALSE,FALSE
"S47G01N72","원주 DB","서울 SK",3,227,1573,"타임아웃",NA,"서울 SK",11,0.874,FALSE,FALSE
"S47G01N72","원주 DB","서울 SK",3,214,1586,"파울","이용우","원주 DB",11,0.867,FALSE,FALSE
"S47G01N72","원주 DB","서울 SK",3,214,1586,"자유투부여",NA,"원주 DB",11,0.867,FALSE,FALSE
"S47G01N72","원주 DB","서울 SK",3,205,1595,"2점 실패","자밀 워니","서울 SK",11,0.868,FALSE,FALSE
"S47G01N72","원주 DB","서울 SK",3,202,1598,"공격리바","자밀 워니","서울 SK",11,0.869,FALSE,FALSE
"S47G01N72","원주 DB","서울 SK",3,201,1599,"2점 성공","자밀 워니","서울 SK",11,0.869,FALSE,FALSE
"S47G01N72","원주 DB","서울 SK",3,201,1599,"code_215","김보배","원주 DB",9,0.819,FALSE,FALSE
"S47G01N72","원주 DB","서울 SK",3,201,1599,"자유투부여",NA,"원주 DB",9,0.819,FALSE,FALSE
"S47G01N72","원주 DB","서울 SK",3,201,1599,"자유투 성공","자밀 워니","서울 SK",9,0.819,FALSE,FALSE
"S47G01N72","원주 DB","서울 SK",3,183,1617,"code_214","이용우","원주 DB",8,0.793,FALSE,FALSE
"S47G01N72","원주 DB","서울 SK",3,168,1632,"3점 실패","알빈 톨렌티노","서울 SK",8,0.796,FALSE,FALSE
"S47G01N72","원주 DB","서울 SK",3,167,1633,"수비리바","헨리 엘런슨","원주 DB",8,0.796,FALSE,FALSE
"S47G01N72","원주 DB","서울 SK",3,159,1641,"code_215","최부경","서울 SK",8,0.797,FALSE,FALSE
"S47G01N72","원주 DB","서울 SK",3,159,1641,"자유투 성공","헨리 엘런슨","원주 DB",8,0.809,FALSE,FALSE
"S47G01N72","원주 DB","서울 SK",3,159,1641,"자유투 성공","헨리 엘런슨","원주 DB",9,0.837,FALSE,FALSE
"S47G01N72","원주 DB","서울 SK",3,143,1657,"2점 성공","자밀 워니","서울 SK",10,0.854,FALSE,FALSE
"S47G01N72","원주 DB","서울 SK",3,129,1671,"2점 실패","헨리 엘런슨","원주 DB",8,0.814,FALSE,FALSE
"S47G01N72","원주 DB","서울 SK",3,128,1672,"수비리바","자밀 워니","서울 SK",8,0.814,FALSE,FALSE
"S47G01N72","원주 DB","서울 SK",3,110,1690,"3점 실패","알빈 톨렌티노","서울 SK",8,0.805,FALSE,FALSE
"S47G01N72","원주 DB","서울 SK",3,109,1691,"공격리바","안영준","서울 SK",8,0.805,FALSE,FALSE
"S47G01N72","원주 DB","서울 SK",3,106,1694,"code_215","이선 알바노","원주 DB",8,0.806,FALSE,FALSE
"S47G01N72","원주 DB","서울 SK",3,106,1694,"자유투부여",NA,"원주 DB",8,0.806,FALSE,FALSE
"S47G01N72","원주 DB","서울 SK",3,106,1694,"자유투 실패","알빈 톨렌티노","서울 SK",8,0.806,FALSE,FALSE
"S47G01N72","원주 DB","서울 SK",3,106,1694,"자유투 성공","알빈 톨렌티노","서울 SK",8,0.806,FALSE,FALSE
"S47G01N72","원주 DB","서울 SK",3,106,1694,"어시스트","최부경","서울 SK",7,0.774,FALSE,FALSE
"S47G01N72","원주 DB","서울 SK",3,106,1694,"타임아웃",NA,"원주 DB",7,0.774,FALSE,FALSE
"S47G01N72","원주 DB","서울 SK",3,106,1694,"교체OUT","자밀 워니","서울 SK",7,0.774,FALSE,FALSE
"S47G01N72","원주 DB","서울 SK",3,106,1694,"교체IN","대릴 먼로","서울 SK",7,0.774,FALSE,FALSE
"S47G01N72","원주 DB","서울 SK",3,88,1712,"2점 성공","헨리 엘런슨","원주 DB",7,0.79,FALSE,FALSE
"S47G01N72","원주 DB","서울 SK",3,88,1712,"어시스트","김보배","원주 DB",9,0.848,FALSE,FALSE
"S47G01N72","원주 DB","서울 SK",3,71,1729,"2점 성공","알빈 톨렌티노","서울 SK",9,0.841,FALSE,FALSE
"S47G01N72","원주 DB","서울 SK",3,60,1740,"3점 실패","이선 알바노","원주 DB",7,0.795,TRUE,FALSE
"S47G01N72","원주 DB","서울 SK",3,59,1741,"수비리바","대릴 먼로","서울 SK",7,0.795,FALSE,FALSE
"S47G01N72","원주 DB","서울 SK",3,48,1752,"3점 실패","대릴 먼로","서울 SK",7,0.784,FALSE,FALSE
"S47G01N72","원주 DB","서울 SK",3,48,1752,"공격리바","최부경","서울 SK",7,0.784,FALSE,FALSE
"S47G01N72","원주 DB","서울 SK",3,48,1752,"code_215","김보배","원주 DB",7,0.784,FALSE,FALSE
"S47G01N72","원주 DB","서울 SK",3,48,1752,"자유투부여",NA,"원주 DB",7,0.784,FALSE,FALSE
"S47G01N72","원주 DB","서울 SK",3,48,1752,"자유투 성공","최부경","서울 SK",7,0.784,FALSE,FALSE
"S47G01N72","원주 DB","서울 SK",3,48,1752,"자유투 성공","최부경","서울 SK",6,0.748,FALSE,FALSE
"S47G01N72","원주 DB","서울 SK",3,48,1752,"교체OUT","김보배","원주 DB",5,0.71,FALSE,FALSE
"S47G01N72","원주 DB","서울 SK",3,48,1752,"교체IN","정효근","원주 DB",5,0.71,FALSE,FALSE
"S47G01N72","원주 DB","서울 SK",3,42,1758,"code_214","헨리 엘런슨","원주 DB",5,0.711,FALSE,FALSE
"S47G01N72","원주 DB","서울 SK",3,21,1779,"2점 실패","알빈 톨렌티노","서울 SK",5,0.714,FALSE,FALSE
"S47G01N72","원주 DB","서울 SK",3,20,1780,"수비리바","헨리 엘런슨","원주 DB",5,0.714,FALSE,FALSE
"S47G01N72","원주 DB","서울 SK",3,20,1780,"code_215","대릴 먼로","서울 SK",5,0.714,FALSE,FALSE
"S47G01N72","원주 DB","서울 SK",3,20,1780,"자유투 성공","헨리 엘런슨","원주 DB",5,0.73,FALSE,FALSE
"S47G01N72","원주 DB","서울 SK",3,20,1780,"자유투 실패","헨리 엘런슨","원주 DB",6,0.768,FALSE,FALSE
"S47G01N72","원주 DB","서울 SK",3,19,1781,"수비리바","대릴 먼로","서울 SK",6,0.768,FALSE,FALSE
"S47G01N72","원주 DB","서울 SK",3,1,1799,"3점 성공","대릴 먼로","서울 SK",6,0.756,FALSE,FALSE
"S47G01N72","원주 DB","서울 SK",3,1,1799,"어시스트","김낙현","서울 SK",3,0.631,FALSE,FALSE
"S47G01N72","원주 DB","서울 SK",3,0,1800,"쿼터종료",NA,NA,3,0.631,FALSE,FALSE
"S47G01N72","원주 DB","서울 SK",3,0,1800,"교체OUT","이선 알바노","원주 DB",3,0.631,FALSE,FALSE
"S47G01N72","원주 DB","서울 SK",3,0,1800,"교체OUT","헨리 엘런슨","원주 DB",3,0.631,FALSE,FALSE
"S47G01N72","원주 DB","서울 SK",3,0,1800,"교체OUT","이정현","원주 DB",3,0.631,FALSE,FALSE
"S47G01N72","원주 DB","서울 SK",3,0,1800,"교체OUT","이용우","원주 DB",3,0.631,FALSE,FALSE
"S47G01N72","원주 DB","서울 SK",3,0,1800,"교체OUT","정효근","원주 DB",3,0.631,FALSE,FALSE
"S47G01N72","원주 DB","서울 SK",3,0,1800,"교체OUT","최부경","서울 SK",3,0.631,FALSE,FALSE
"S47G01N72","원주 DB","서울 SK",3,0,1800,"교체OUT","대릴 먼로","서울 SK",3,0.631,FALSE,FALSE
"S47G01N72","원주 DB","서울 SK",3,0,1800,"교체OUT","김낙현","서울 SK",3,0.631,FALSE,FALSE
"S47G01N72","원주 DB","서울 SK",3,0,1800,"교체OUT","안영준","서울 SK",3,0.631,FALSE,FALSE
"S47G01N72","원주 DB","서울 SK",3,0,1800,"교체OUT","알빈 톨렌티노","서울 SK",3,0.631,FALSE,FALSE
"S47G01N72","원주 DB","서울 SK",4,600,1800,"교체IN","정효근","원주 DB",3,0.631,FALSE,FALSE
"S47G01N72","원주 DB","서울 SK",4,600,1800,"교체IN","이선 알바노","원주 DB",3,0.631,FALSE,FALSE
"S47G01N72","원주 DB","서울 SK",4,600,1800,"교체IN","헨리 엘런슨","원주 DB",3,0.631,FALSE,FALSE
"S47G01N72","원주 DB","서울 SK",4,600,1800,"교체IN","이정현","원주 DB",3,0.631,FALSE,FALSE
"S47G01N72","원주 DB","서울 SK",4,600,1800,"교체IN","이용우","원주 DB",3,0.631,FALSE,FALSE
"S47G01N72","원주 DB","서울 SK",4,600,1800,"교체IN","안영준","서울 SK",3,0.631,FALSE,FALSE
"S47G01N72","원주 DB","서울 SK",4,600,1800,"교체IN","알빈 톨렌티노","서울 SK",3,0.631,FALSE,FALSE
"S47G01N72","원주 DB","서울 SK",4,600,1800,"교체IN","최부경","서울 SK",3,0.631,FALSE,FALSE
"S47G01N72","원주 DB","서울 SK",4,600,1800,"교체IN","대릴 먼로","서울 SK",3,0.631,FALSE,FALSE
"S47G01N72","원주 DB","서울 SK",4,600,1800,"교체IN","김낙현","서울 SK",3,0.631,FALSE,FALSE
"S47G01N72","원주 DB","서울 SK",4,600,1800,"쿼터시작",NA,NA,3,0.631,FALSE,FALSE
"S47G01N72","원주 DB","서울 SK",4,600,1800,"교체OUT","이용우","원주 DB",3,0.631,FALSE,FALSE
"S47G01N72","원주 DB","서울 SK",4,600,1800,"교체IN","박인웅","원주 DB",3,0.631,FALSE,FALSE
"S47G01N72","원주 DB","서울 SK",4,587,1813,"파울","대릴 먼로","서울 SK",3,0.651,FALSE,FALSE
"S47G01N72","원주 DB","서울 SK",4,587,1813,"자유투부여",NA,"서울 SK",3,0.651,FALSE,FALSE
"S47G01N72","원주 DB","서울 SK",4,587,1813,"code_214","대릴 먼로","서울 SK",3,0.651,FALSE,FALSE
"S47G01N72","원주 DB","서울 SK",4,587,1813,"code_221","이정현","원주 DB",3,0.651,FALSE,FALSE
"S47G01N72","원주 DB","서울 SK",4,564,1836,"3점 실패","이선 알바노","원주 DB",3,0.654,TRUE,FALSE
"S47G01N72","원주 DB","서울 SK",4,563,1837,"수비리바","대릴 먼로","서울 SK",3,0.654,FALSE,FALSE
"S47G01N72","원주 DB","서울 SK",4,558,1842,"2점 성공","안영준","서울 SK",3,0.636,FALSE,FALSE
"S47G01N72","원주 DB","서울 SK",4,558,1842,"어시스트","김낙현","서울 SK",1,0.54,FALSE,FALSE
"S47G01N72","원주 DB","서울 SK",4,558,1842,"code_217",NA,"서울 SK",1,0.54,FALSE,FALSE
"S47G01N72","원주 DB","서울 SK",4,542,1858,"파울","김낙현","서울 SK",1,0.56,FALSE,FALSE
"S47G01N72","원주 DB","서울 SK",4,542,1858,"자유투부여",NA,"서울 SK",1,0.56,FALSE,FALSE
"S47G01N72","원주 DB","서울 SK",4,527,1873,"3점 실패","박인웅","원주 DB",1,0.561,FALSE,FALSE
"S47G01N72","원주 DB","서울 SK",4,526,1874,"수비리바","알빈 톨렌티노","서울 SK",1,0.561,FALSE,FALSE
"S47G01N72","원주 DB","서울 SK",4,507,1893,"code_214","김낙현","서울 SK",1,0.562,FALSE,FALSE
"S47G01N72","원주 DB","서울 SK",4,506,1894,"code_212","이선 알바노","원주 DB",1,0.562,FALSE,FALSE
"S47G01N72","원주 DB","서울 SK",4,503,1897,"2점 실패","이정현","원주 DB",1,0.562,FALSE,FALSE
"S47G01N72","원주 DB","서울 SK",4,503,1897,"수비리바","대릴 먼로","서울 SK",1,0.562,FALSE,FALSE
"S47G01N72","원주 DB","서울 SK",4,486,1914,"3점 실패","알빈 톨렌티노","서울 SK",1,0.542,FALSE,FALSE
"S47G01N72","원주 DB","서울 SK",4,484,1916,"수비리바","이정현","원주 DB",1,0.542,FALSE,FALSE
"S47G01N72","원주 DB","서울 SK",4,474,1926,"3점 실패","헨리 엘런슨","원주 DB",1,0.564,FALSE,FALSE
"S47G01N72","원주 DB","서울 SK",4,473,1927,"수비리바","대릴 먼로","서울 SK",1,0.564,FALSE,FALSE
"S47G01N72","원주 DB","서울 SK",4,467,1933,"2점 실패","안영준","서울 SK",1,0.543,FALSE,FALSE
"S47G01N72","원주 DB","서울 SK",4,465,1935,"공격리바","대릴 먼로","서울 SK",1,0.543,FALSE,FALSE
"S47G01N72","원주 DB","서울 SK",4,465,1935,"2점 성공","대릴 먼로","서울 SK",1,0.543,FALSE,FALSE
"S47G01N72","원주 DB","서울 SK",4,465,1935,"code_217",NA,"서울 SK",-1,0.435,FALSE,FALSE
"S47G01N72","원주 DB","서울 SK",4,451,1949,"2점 성공","헨리 엘런슨","원주 DB",-1,0.456,FALSE,FALSE
"S47G01N72","원주 DB","서울 SK",4,451,1949,"어시스트","정효근","원주 DB",1,0.566,FALSE,FALSE
"S47G01N72","원주 DB","서울 SK",4,451,1949,"code_215","최부경","서울 SK",1,0.566,FALSE,FALSE
"S47G01N72","원주 DB","서울 SK",4,451,1949,"자유투부여",NA,"서울 SK",1,0.566,FALSE,FALSE
"S47G01N72","원주 DB","서울 SK",4,451,1949,"교체OUT","대릴 먼로","서울 SK",1,0.566,FALSE,FALSE
"S47G01N72","원주 DB","서울 SK",4,451,1949,"교체IN","자밀 워니","서울 SK",1,0.566,FALSE,FALSE
"S47G01N72","원주 DB","서울 SK",4,451,1949,"교체OUT","알빈 톨렌티노","서울 SK",1,0.566,FALSE,FALSE
"S47G01N72","원주 DB","서울 SK",4,451,1949,"교체IN","최원혁","서울 SK",1,0.566,FALSE,FALSE
"S47G01N72","원주 DB","서울 SK",4,451,1949,"자유투 성공","헨리 엘런슨","원주 DB",1,0.566,FALSE,FALSE
"S47G01N72","원주 DB","서울 SK",4,437,1963,"3점 성공","김낙현","서울 SK",2,0.6,FALSE,FALSE
"S47G01N72","원주 DB","서울 SK",4,407,1993,"2점 성공","헨리 엘런슨","원주 DB",-1,0.454,FALSE,FALSE
"S47G01N72","원주 DB","서울 SK",4,382,2018,"2점 실패","자밀 워니","서울 SK",1,0.548,FALSE,FALSE
"S47G01N72","원주 DB","서울 SK",4,380,2020,"수비리바","헨리 엘런슨","원주 DB",1,0.548,FALSE,FALSE
"S47G01N72","원주 DB","서울 SK",4,379,2021,"code_214","헨리 엘런슨","원주 DB",1,0.548,FALSE,FALSE
"S47G01N72","원주 DB","서울 SK",4,378,2022,"code_212","최원혁","서울 SK",1,0.548,FALSE,FALSE
"S47G01N72","원주 DB","서울 SK",4,368,2032,"code_214","자밀 워니","서울 SK",1,0.549,FALSE,FALSE
"S47G01N72","원주 DB","서울 SK",4,368,2032,"code_212","이정현","원주 DB",1,0.549,FALSE,FALSE
"S47G01N72","원주 DB","서울 SK",4,367,2033,"code_215","김낙현","서울 SK",1,0.549,FALSE,FALSE
"S47G01N72","원주 DB","서울 SK",4,367,2033,"자유투부여",NA,"서울 SK",1,0.549,FALSE,FALSE
"S47G01N72","원주 DB","서울 SK",4,367,2033,"자유투 실패","이선 알바노","원주 DB",1,0.573,FALSE,FALSE
"S47G01N72","원주 DB","서울 SK",4,367,2033,"자유투 성공","이선 알바노","원주 DB",1,0.573,FALSE,FALSE
"S47G01N72","원주 DB","서울 SK",4,367,2033,"어시스트","이정현","원주 DB",2,0.632,FALSE,FALSE
"S47G01N72","원주 DB","서울 SK",4,367,2033,"code_217",NA,"원주 DB",2,0.632,FALSE,FALSE
"S47G01N72","원주 DB","서울 SK",4,349,2051,"3점 실패","자밀 워니","서울 SK",2,0.611,FALSE,FALSE
"S47G01N72","원주 DB","서울 SK",4,346,2054,"공격리바","최부경","서울 SK",2,0.612,FALSE,FALSE
"S47G01N72","원주 DB","서울 SK",4,340,2060,"2점 성공","자밀 워니","서울 SK",2,0.613,FALSE,FALSE
"S47G01N72","원주 DB","서울 SK",4,340,2060,"어시스트","김낙현","서울 SK",0,0.487,FALSE,FALSE
"S47G01N72","원주 DB","서울 SK",4,318,2082,"3점 성공","박인웅","원주 DB",0,0.513,FALSE,FALSE
"S47G01N72","원주 DB","서울 SK",4,318,2082,"어시스트","헨리 엘런슨","원주 DB",3,0.701,FALSE,FALSE
"S47G01N72","원주 DB","서울 SK",4,296,2104,"파울","정효근","원주 DB",3,0.684,FALSE,FALSE
"S47G01N72","원주 DB","서울 SK",4,296,2104,"자유투부여",NA,"원주 DB",3,0.684,FALSE,FALSE
"S47G01N72","원주 DB","서울 SK",4,282,2118,"2점 실패","자밀 워니","서울 SK",3,0.688,FALSE,FALSE
"S47G01N72","원주 DB","서울 SK",4,281,2119,"수비리바","이선 알바노","원주 DB",3,0.688,FALSE,FALSE
"S47G01N72","원주 DB","서울 SK",4,263,2137,"2점 실패","이선 알바노","원주 DB",3,0.719,TRUE,FALSE
"S47G01N72","원주 DB","서울 SK",4,262,2138,"수비리바","자밀 워니","서울 SK",3,0.719,FALSE,FALSE
"S47G01N72","원주 DB","서울 SK",4,241,2159,"3점 성공","자밀 워니","서울 SK",3,0.702,FALSE,FALSE
"S47G01N72","원주 DB","서울 SK",4,241,2159,"어시스트","김낙현","서울 SK",0,0.485,FALSE,FALSE
"S47G01N72","원주 DB","서울 SK",4,240,2160,"타임아웃",NA,"원주 DB",0,0.485,FALSE,FALSE
"S47G01N72","원주 DB","서울 SK",4,217,2183,"3점 실패","박인웅","원주 DB",0,0.516,FALSE,FALSE
"S47G01N72","원주 DB","서울 SK",4,216,2184,"수비리바","자밀 워니","서울 SK",0,0.516,FALSE,FALSE
"S47G01N72","원주 DB","서울 SK",4,202,2198,"3점 실패","최원혁","서울 SK",0,0.483,FALSE,FALSE
"S47G01N72","원주 DB","서울 SK",4,201,2199,"수비리바","이정현","원주 DB",0,0.483,FALSE,FALSE
"S47G01N72","원주 DB","서울 SK",4,182,2218,"3점 실패","정효근","원주 DB",0,0.517,FALSE,FALSE
"S47G01N72","원주 DB","서울 SK",4,181,2219,"공격리바","헨리 엘런슨","원주 DB",0,0.518,FALSE,FALSE
"S47G01N72","원주 DB","서울 SK",4,181,2219,"2점 성공","헨리 엘런슨","원주 DB",0,0.518,FALSE,FALSE
"S47G01N72","원주 DB","서울 SK",4,154,2246,"code_223",NA,"서울 SK",2,0.699,FALSE,FALSE
"S47G01N72","원주 DB","서울 SK",4,135,2265,"2점 실패","정효근","원주 DB",2,0.711,FALSE,FALSE
"S47G01N72","원주 DB","서울 SK",4,134,2266,"수비리바","자밀 워니","서울 SK",2,0.712,FALSE,FALSE
"S47G01N72","원주 DB","서울 SK",4,122,2278,"3점 실패","안영준","서울 SK",2,0.684,FALSE,FALSE
"S47G01N72","원주 DB","서울 SK",4,120,2280,"수비리바","이선 알바노","원주 DB",2,0.685,FALSE,FALSE
"S47G01N72","원주 DB","서울 SK",4,107,2293,"2점 성공","헨리 엘런슨","원주 DB",2,0.734,FALSE,FALSE
"S47G01N72","원주 DB","서울 SK",4,107,2293,"타임아웃",NA,"서울 SK",4,0.883,FALSE,FALSE
"S47G01N72","원주 DB","서울 SK",4,99,2301,"파울","이선 알바노","원주 DB",4,0.869,FALSE,FALSE
"S47G01N72","원주 DB","서울 SK",4,99,2301,"자유투부여",NA,"원주 DB",4,0.869,FALSE,FALSE
"S47G01N72","원주 DB","서울 SK",4,92,2308,"3점 실패","김낙현","서울 SK",4,0.878,FALSE,FALSE
"S47G01N72","원주 DB","서울 SK",4,91,2309,"공격리바","최부경","서울 SK",4,0.879,FALSE,FALSE
"S47G01N72","원주 DB","서울 SK",4,87,2313,"code_214","최부경","서울 SK",4,0.884,FALSE,FALSE
"S47G01N72","원주 DB","서울 SK",4,86,2314,"code_212","박인웅","원주 DB",4,0.885,FALSE,FALSE
"S47G01N72","원주 DB","서울 SK",4,64,2336,"3점 실패","헨리 엘런슨","원주 DB",4,0.938,FALSE,FALSE
"S47G01N72","원주 DB","서울 SK",4,63,2337,"수비리바","최부경","서울 SK",4,0.94,FALSE,FALSE
"S47G01N72","원주 DB","서울 SK",4,58,2342,"3점 실패","김낙현","서울 SK",4,0.928,FALSE,FALSE
"S47G01N72","원주 DB","서울 SK",4,57,2343,"공격리바","김낙현","서울 SK",4,0.93,FALSE,FALSE
"S47G01N72","원주 DB","서울 SK",4,49,2351,"code_215","정효근","원주 DB",4,0.944,FALSE,FALSE
"S47G01N72","원주 DB","서울 SK",4,49,2351,"자유투부여",NA,"원주 DB",4,0.944,FALSE,FALSE
"S47G01N72","원주 DB","서울 SK",4,49,2351,"자유투 성공","자밀 워니","서울 SK",4,0.944,FALSE,FALSE
"S47G01N72","원주 DB","서울 SK",4,49,2351,"자유투 실패","자밀 워니","서울 SK",3,0.88,FALSE,FALSE
"S47G01N72","원주 DB","서울 SK",4,47,2353,"수비리바","헨리 엘런슨","원주 DB",3,0.885,FALSE,FALSE
"S47G01N72","원주 DB","서울 SK",4,22,2378,"2점 실패","헨리 엘런슨","원주 DB",3,0.977,FALSE,FALSE
"S47G01N72","원주 DB","서울 SK",4,22,2378,"code_223",NA,"원주 DB",3,0.977,FALSE,FALSE
"S47G01N72","원주 DB","서울 SK",4,22,2378,"타임아웃",NA,"서울 SK",3,0.977,FALSE,FALSE
"S47G01N72","원주 DB","서울 SK",4,22,2378,"교체OUT","이정현","원주 DB",3,0.977,FALSE,FALSE
"S47G01N72","원주 DB","서울 SK",4,22,2378,"교체IN","김보배","원주 DB",3,0.977,FALSE,FALSE
"S47G01N72","원주 DB","서울 SK",4,16,2384,"3점 성공","자밀 워니","서울 SK",3,0.98,FALSE,FALSE
"S47G01N72","원주 DB","서울 SK",4,16,2384,"타임아웃",NA,"원주 DB",0,0.441,FALSE,FALSE
"S47G01N72","원주 DB","서울 SK",4,16,2384,"교체OUT","김보배","원주 DB",0,0.441,FALSE,FALSE
"S47G01N72","원주 DB","서울 SK",4,16,2384,"교체IN","이정현","원주 DB",0,0.441,FALSE,FALSE
"S47G01N72","원주 DB","서울 SK",4,1,2399,"3점 성공","이선 알바노","원주 DB",0,0.723,TRUE,TRUE
"S47G01N72","원주 DB","서울 SK",4,1,2399,"어시스트","헨리 엘런슨","원주 DB",3,1,FALSE,FALSE
"S47G01N72","원주 DB","서울 SK",4,1,2399,"code_226","정효근","원주 DB",3,1,FALSE,FALSE
"S47G01N72","원주 DB","서울 SK",4,0,2400,"쿼터종료",NA,NA,3,1,FALSE,FALSE
"S47G01N72","원주 DB","서울 SK",4,0,2400,"교체OUT","정효근","원주 DB",3,1,FALSE,FALSE
"S47G01N72","원주 DB","서울 SK",4,0,2400,"교체OUT","이선 알바노","원주 DB",3,1,FALSE,FALSE
"S47G01N72","원주 DB","서울 SK",4,0,2400,"교체OUT","헨리 엘런슨","원주 DB",3,1,FALSE,FALSE
"S47G01N72","원주 DB","서울 SK",4,0,2400,"교체OUT","이정현","원주 DB",3,1,FALSE,FALSE
"S47G01N72","원주 DB","서울 SK",4,0,2400,"교체OUT","박인웅","원주 DB",3,1,FALSE,FALSE
"S47G01N72","원주 DB","서울 SK",4,0,2400,"교체OUT","안영준","서울 SK",3,1,FALSE,FALSE
"S47G01N72","원주 DB","서울 SK",4,0,2400,"교체OUT","최부경","서울 SK",3,1,FALSE,FALSE
"S47G01N72","원주 DB","서울 SK",4,0,2400,"교체OUT","김낙현","서울 SK",3,1,FALSE,FALSE
"S47G01N72","원주 DB","서울 SK",4,0,2400,"교체OUT","자밀 워니","서울 SK",3,1,FALSE,FALSE
"S47G01N72","원주 DB","서울 SK",4,0,2400,"교체OUT","최원혁","서울 SK",3,1,FALSE,FALSE
"S47G01N97","원주 DB","서울 SK",1,600,0,"교체IN","강상재","원주 DB",0,0.5,FALSE,FALSE
"S47G01N97","원주 DB","서울 SK",1,600,0,"교체IN","박인웅","원주 DB",0,0.5,FALSE,FALSE
"S47G01N97","원주 DB","서울 SK",1,600,0,"교체IN","이선 알바노","원주 DB",0,0.5,FALSE,FALSE
"S47G01N97","원주 DB","서울 SK",1,600,0,"교체IN","김보배","원주 DB",0,0.5,FALSE,FALSE
"S47G01N97","원주 DB","서울 SK",1,600,0,"교체IN","헨리 엘런슨","원주 DB",0,0.5,FALSE,FALSE
"S47G01N97","원주 DB","서울 SK",1,600,0,"교체IN","자밀 워니","서울 SK",0,0.5,FALSE,FALSE
"S47G01N97","원주 DB","서울 SK",1,600,0,"교체IN","알빈 톨렌티노","서울 SK",0,0.5,FALSE,FALSE
"S47G01N97","원주 DB","서울 SK",1,600,0,"교체IN","최부경","서울 SK",0,0.5,FALSE,FALSE
"S47G01N97","원주 DB","서울 SK",1,600,0,"교체IN","안영준","서울 SK",0,0.5,FALSE,FALSE
"S47G01N97","원주 DB","서울 SK",1,600,0,"교체IN","김낙현","서울 SK",0,0.5,FALSE,FALSE
"S47G01N97","원주 DB","서울 SK",1,600,0,"쿼터시작",NA,NA,0,0.5,FALSE,FALSE
"S47G01N97","원주 DB","서울 SK",1,574,26,"3점 실패","강상재","원주 DB",0,0.505,FALSE,FALSE
"S47G01N97","원주 DB","서울 SK",1,573,27,"code_218",NA,"서울 SK",0,0.505,FALSE,FALSE
"S47G01N97","원주 DB","서울 SK",1,553,47,"3점 실패","최부경","서울 SK",0,0.495,FALSE,FALSE
"S47G01N97","원주 DB","서울 SK",1,551,49,"수비리바","헨리 엘런슨","원주 DB",0,0.495,FALSE,FALSE
"S47G01N97","원주 DB","서울 SK",1,535,65,"2점 성공","헨리 엘런슨","원주 DB",0,0.505,FALSE,FALSE
"S47G01N97","원주 DB","서울 SK",1,506,94,"2점 실패","자밀 워니","서울 SK",2,0.544,FALSE,FALSE
"S47G01N97","원주 DB","서울 SK",1,505,95,"수비리바","헨리 엘런슨","원주 DB",2,0.544,FALSE,FALSE
"S47G01N97","원주 DB","서울 SK",1,500,100,"code_214","헨리 엘런슨","원주 DB",2,0.544,FALSE,FALSE
"S47G01N97","원주 DB","서울 SK",1,499,101,"code_212","알빈 톨렌티노","서울 SK",2,0.544,FALSE,FALSE
"S47G01N97","원주 DB","서울 SK",1,495,105,"2점 실패","김낙현","서울 SK",2,0.544,FALSE,FALSE
"S47G01N97","원주 DB","서울 SK",1,494,106,"공격리바","자밀 워니","서울 SK",2,0.544,FALSE,FALSE
"S47G01N97","원주 DB","서울 SK",1,494,106,"2점 성공","자밀 워니","서울 SK",2,0.544,FALSE,FALSE
"S47G01N97","원주 DB","서울 SK",1,492,108,"code_217",NA,"서울 SK",0,0.495,FALSE,FALSE
"S47G01N97","원주 DB","서울 SK",1,480,120,"3점 실패","헨리 엘런슨","원주 DB",0,0.505,FALSE,FALSE
"S47G01N97","원주 DB","서울 SK",1,479,121,"수비리바","안영준","서울 SK",0,0.505,FALSE,FALSE
"S47G01N97","원주 DB","서울 SK",1,464,136,"2점 실패","자밀 워니","서울 SK",0,0.495,FALSE,FALSE
"S47G01N97","원주 DB","서울 SK",1,463,137,"수비리바","헨리 엘런슨","원주 DB",0,0.495,FALSE,FALSE
"S47G01N97","원주 DB","서울 SK",1,455,145,"code_214","김보배","원주 DB",0,0.495,FALSE,FALSE
"S47G01N97","원주 DB","서울 SK",1,453,147,"code_212","김낙현","서울 SK",0,0.495,FALSE,FALSE
"S47G01N97","원주 DB","서울 SK",1,442,158,"2점 성공","안영준","서울 SK",0,0.495,FALSE,FALSE
"S47G01N97","원주 DB","서울 SK",1,442,158,"어시스트","김낙현","서울 SK",-2,0.446,FALSE,FALSE
"S47G01N97","원주 DB","서울 SK",1,442,158,"code_215","이선 알바노","원주 DB",-2,0.446,FALSE,FALSE
"S47G01N97","원주 DB","서울 SK",1,442,158,"자유투부여",NA,"원주 DB",-2,0.446,FALSE,FALSE
"S47G01N97","원주 DB","서울 SK",1,442,158,"자유투 성공","안영준","서울 SK",-2,0.446,FALSE,FALSE
"S47G01N97","원주 DB","서울 SK",1,425,175,"2점 실패","김보배","원주 DB",-3,0.431,FALSE,FALSE
"S47G01N97","원주 DB","서울 SK",1,424,176,"블록","안영준","서울 SK",-3,0.431,FALSE,FALSE
"S47G01N97","원주 DB","서울 SK",1,423,177,"수비리바","최부경","서울 SK",-3,0.431,FALSE,FALSE
"S47G01N97","원주 DB","서울 SK",1,413,187,"파울","최부경","서울 SK",-3,0.431,FALSE,FALSE
"S47G01N97","원주 DB","서울 SK",1,413,187,"자유투부여",NA,"서울 SK",-3,0.431,FALSE,FALSE
"S47G01N97","원주 DB","서울 SK",1,413,187,"code_214","최부경","서울 SK",-3,0.431,FALSE,FALSE
"S47G01N97","원주 DB","서울 SK",1,413,187,"code_221","박인웅","원주 DB",-3,0.431,FALSE,FALSE
"S47G01N97","원주 DB","서울 SK",1,395,205,"파울","자밀 워니","서울 SK",-3,0.43,FALSE,FALSE
"S47G01N97","원주 DB","서울 SK",1,395,205,"자유투부여",NA,"서울 SK",-3,0.43,FALSE,FALSE
"S47G01N97","원주 DB","서울 SK",1,389,211,"2점 성공","헨리 엘런슨","원주 DB",-3,0.43,FALSE,FALSE
"S47G01N97","원주 DB","서울 SK",1,369,231,"2점 실패","자밀 워니","서울 SK",-1,0.47,FALSE,FALSE
"S47G01N97","원주 DB","서울 SK",1,367,233,"수비리바","강상재","원주 DB",-1,0.47,FALSE,FALSE
"S47G01N97","원주 DB","서울 SK",1,364,236,"2점 성공","박인웅","원주 DB",-1,0.48,FALSE,FALSE
"S47G01N97","원주 DB","서울 SK",1,364,236,"어시스트","강상재","원주 DB",1,0.53,FALSE,FALSE
"S47G01N97","원주 DB","서울 SK",1,362,238,"code_217",NA,"원주 DB",1,0.53,FALSE,FALSE
"S47G01N97","원주 DB","서울 SK",1,350,250,"3점 실패","김낙현","서울 SK",1,0.52,FALSE,FALSE
"S47G01N97","원주 DB","서울 SK",1,349,251,"수비리바","박인웅","원주 DB",1,0.52,FALSE,FALSE
"S47G01N97","원주 DB","서울 SK",1,343,257,"3점 실패","헨리 엘런슨","원주 DB",1,0.53,FALSE,FALSE
"S47G01N97","원주 DB","서울 SK",1,342,258,"공격리바","강상재","원주 DB",1,0.53,FALSE,FALSE
"S47G01N97","원주 DB","서울 SK",1,341,259,"2점 성공","강상재","원주 DB",1,0.53,FALSE,FALSE
"S47G01N97","원주 DB","서울 SK",1,341,259,"code_215","최부경","서울 SK",3,0.58,FALSE,FALSE
"S47G01N97","원주 DB","서울 SK",1,341,259,"자유투부여",NA,"서울 SK",3,0.58,FALSE,FALSE
"S47G01N97","원주 DB","서울 SK",1,340,260,"자유투 실패","강상재","원주 DB",3,0.581,FALSE,FALSE
"S47G01N97","원주 DB","서울 SK",1,339,261,"수비리바","최부경","서울 SK",3,0.581,FALSE,FALSE
"S47G01N97","원주 DB","서울 SK",1,320,280,"code_215","이선 알바노","원주 DB",3,0.581,FALSE,FALSE
"S47G01N97","원주 DB","서울 SK",1,320,280,"자유투부여",NA,"원주 DB",3,0.581,FALSE,FALSE
"S47G01N97","원주 DB","서울 SK",1,320,280,"자유투 실패","알빈 톨렌티노","서울 SK",3,0.571,FALSE,FALSE
"S47G01N97","원주 DB","서울 SK",1,320,280,"자유투 성공","알빈 톨렌티노","서울 SK",3,0.571,FALSE,FALSE
"S47G01N97","원주 DB","서울 SK",1,306,294,"3점 실패","이선 알바노","원주 DB",2,0.556,TRUE,FALSE
"S47G01N97","원주 DB","서울 SK",1,306,294,"수비리바","최부경","서울 SK",2,0.556,FALSE,FALSE
"S47G01N97","원주 DB","서울 SK",1,306,294,"code_229",NA,"원주 DB",2,0.556,FALSE,FALSE
"S47G01N97","원주 DB","서울 SK",1,286,314,"code_214","알빈 톨렌티노","서울 SK",2,0.556,FALSE,FALSE
"S47G01N97","원주 DB","서울 SK",1,286,314,"code_229",NA,"서울 SK",2,0.556,FALSE,FALSE
"S47G01N97","원주 DB","서울 SK",1,273,327,"code_227","안영준","서울 SK",2,0.556,FALSE,FALSE
"S47G01N97","원주 DB","서울 SK",1,264,336,"3점 실패","박인웅","원주 DB",2,0.557,FALSE,FALSE
"S47G01N97","원주 DB","서울 SK",1,263,337,"수비리바","최부경","서울 SK",2,0.557,FALSE,FALSE
"S47G01N97","원주 DB","서울 SK",1,247,353,"2점 성공","자밀 워니","서울 SK",2,0.546,FALSE,FALSE
"S47G01N97","원주 DB","서울 SK",1,231,369,"2점 실패","이선 알바노","원주 DB",0,0.505,TRUE,FALSE
"S47G01N97","원주 DB","서울 SK",1,230,370,"수비리바","김낙현","서울 SK",0,0.505,FALSE,FALSE
"S47G01N97","원주 DB","서울 SK",1,224,376,"code_214","안영준","서울 SK",0,0.505,FALSE,FALSE
"S47G01N97","원주 DB","서울 SK",1,223,377,"code_212","강상재","원주 DB",0,0.505,FALSE,FALSE
"S47G01N97","원주 DB","서울 SK",1,220,380,"2점 실패","강상재","원주 DB",0,0.505,FALSE,FALSE
"S47G01N97","원주 DB","서울 SK",1,218,382,"수비리바","자밀 워니","서울 SK",0,0.505,FALSE,FALSE
"S47G01N97","원주 DB","서울 SK",1,215,385,"code_214","알빈 톨렌티노","서울 SK",0,0.505,FALSE,FALSE
"S47G01N97","원주 DB","서울 SK",1,198,402,"2점 성공","김보배","원주 DB",0,0.505,FALSE,FALSE
"S47G01N97","원주 DB","서울 SK",1,198,402,"어시스트","헨리 엘런슨","원주 DB",2,0.557,FALSE,FALSE
"S47G01N97","원주 DB","서울 SK",1,184,416,"3점 실패","김낙현","서울 SK",2,0.547,FALSE,FALSE
"S47G01N97","원주 DB","서울 SK",1,182,418,"수비리바","이선 알바노","원주 DB",2,0.547,FALSE,FALSE
"S47G01N97","원주 DB","서울 SK",1,171,429,"2점 실패","헨리 엘런슨","원주 DB",2,0.558,FALSE,FALSE
"S47G01N97","원주 DB","서울 SK",1,169,431,"수비리바","자밀 워니","서울 SK",2,0.558,FALSE,FALSE
"S47G01N97","원주 DB","서울 SK",1,155,445,"2점 성공","자밀 워니","서울 SK",2,0.548,FALSE,FALSE
"S47G01N97","원주 DB","서울 SK",1,155,445,"어시스트","안영준","서울 SK",0,0.495,FALSE,FALSE
"S47G01N97","원주 DB","서울 SK",1,139,461,"2점 실패","헨리 엘런슨","원주 DB",0,0.505,FALSE,FALSE
"S47G01N97","원주 DB","서울 SK",1,137,463,"수비리바","알빈 톨렌티노","서울 SK",0,0.505,FALSE,FALSE
"S47G01N97","원주 DB","서울 SK",1,130,470,"3점 실패","김낙현","서울 SK",0,0.495,FALSE,FALSE
"S47G01N97","원주 DB","서울 SK",1,130,470,"수비리바","강상재","원주 DB",0,0.495,FALSE,FALSE
"S47G01N97","원주 DB","서울 SK",1,130,470,"파울","알빈 톨렌티노","서울 SK",0,0.505,FALSE,FALSE
"S47G01N97","원주 DB","서울 SK",1,130,470,"자유투부여",NA,"서울 SK",0,0.505,FALSE,FALSE
"S47G01N97","원주 DB","서울 SK",1,130,470,"교체OUT","자밀 워니","서울 SK",0,0.505,FALSE,FALSE
"S47G01N97","원주 DB","서울 SK",1,130,470,"교체IN","대릴 먼로","서울 SK",0,0.505,FALSE,FALSE
"S47G01N97","원주 DB","서울 SK",1,130,470,"교체OUT","최부경","서울 SK",0,0.505,FALSE,FALSE
"S47G01N97","원주 DB","서울 SK",1,130,470,"교체IN","김형빈","서울 SK",0,0.505,FALSE,FALSE
"S47G01N97","원주 DB","서울 SK",1,130,470,"교체OUT","김낙현","서울 SK",0,0.505,FALSE,FALSE
"S47G01N97","원주 DB","서울 SK",1,130,470,"교체IN","최원혁","서울 SK",0,0.505,FALSE,FALSE
"S47G01N97","원주 DB","서울 SK",1,111,489,"code_227","안영준","서울 SK",0,0.505,FALSE,FALSE
"S47G01N97","원주 DB","서울 SK",1,104,496,"2점 실패","박인웅","원주 DB",0,0.505,FALSE,FALSE
"S47G01N97","원주 DB","서울 SK",1,104,496,"code_223",NA,"원주 DB",0,0.505,FALSE,FALSE
"S47G01N97","원주 DB","서울 SK",1,88,512,"code_214","알빈 톨렌티노","서울 SK",0,0.505,FALSE,FALSE
"S47G01N97","원주 DB","서울 SK",1,77,523,"3점 성공","이선 알바노","원주 DB",0,0.505,TRUE,FALSE
"S47G01N97","원주 DB","서울 SK",1,67,533,"2점 성공","대릴 먼로","서울 SK",3,0.575,FALSE,FALSE
"S47G01N97","원주 DB","서울 SK",1,54,546,"2점 성공","헨리 엘런슨","원주 DB",1,0.533,FALSE,FALSE
"S47G01N97","원주 DB","서울 SK",1,54,546,"어시스트","김보배","원주 DB",3,0.586,FALSE,FALSE
"S47G01N97","원주 DB","서울 SK",1,34,566,"3점 실패","최원혁","서울 SK",3,0.576,FALSE,FALSE
"S47G01N97","원주 DB","서울 SK",1,32,568,"공격리바","최원혁","서울 SK",3,0.576,FALSE,FALSE
"S47G01N97","원주 DB","서울 SK",1,29,571,"3점 성공","알빈 톨렌티노","서울 SK",3,0.576,FALSE,FALSE
"S47G01N97","원주 DB","서울 SK",1,29,571,"어시스트","대릴 먼로","서울 SK",0,0.494,FALSE,FALSE
"S47G01N97","원주 DB","서울 SK",1,8,592,"2점 성공","이선 알바노","원주 DB",0,0.506,TRUE,FALSE
"S47G01N97","원주 DB","서울 SK",1,5,595,"파울","강상재","원주 DB",2,0.549,FALSE,FALSE
"S47G01N97","원주 DB","서울 SK",1,5,595,"자유투부여",NA,"원주 DB",2,0.549,FALSE,FALSE
"S47G01N97","원주 DB","서울 SK",1,1,599,"3점 실패","알빈 톨렌티노","서울 SK",2,0.55,FALSE,FALSE
"S47G01N97","원주 DB","서울 SK",1,0,600,"쿼터종료",NA,NA,2,0.55,FALSE,FALSE
"S47G01N97","원주 DB","서울 SK",1,0,600,"교체OUT","강상재","원주 DB",2,0.55,FALSE,FALSE
"S47G01N97","원주 DB","서울 SK",1,0,600,"교체OUT","박인웅","원주 DB",2,0.55,FALSE,FALSE
"S47G01N97","원주 DB","서울 SK",1,0,600,"교체OUT","이선 알바노","원주 DB",2,0.55,FALSE,FALSE
"S47G01N97","원주 DB","서울 SK",1,0,600,"교체OUT","김보배","원주 DB",2,0.55,FALSE,FALSE
"S47G01N97","원주 DB","서울 SK",1,0,600,"교체OUT","헨리 엘런슨","원주 DB",2,0.55,FALSE,FALSE
"S47G01N97","원주 DB","서울 SK",1,0,600,"교체OUT","대릴 먼로","서울 SK",2,0.55,FALSE,FALSE
"S47G01N97","원주 DB","서울 SK",1,0,600,"교체OUT","알빈 톨렌티노","서울 SK",2,0.55,FALSE,FALSE
"S47G01N97","원주 DB","서울 SK",1,0,600,"교체OUT","김형빈","서울 SK",2,0.55,FALSE,FALSE
"S47G01N97","원주 DB","서울 SK",1,0,600,"교체OUT","안영준","서울 SK",2,0.55,FALSE,FALSE
"S47G01N97","원주 DB","서울 SK",1,0,600,"교체OUT","최원혁","서울 SK",2,0.55,FALSE,FALSE
"S47G01N97","원주 DB","서울 SK",2,600,600,"교체IN","강상재","원주 DB",2,0.55,FALSE,FALSE
"S47G01N97","원주 DB","서울 SK",2,600,600,"교체IN","박인웅","원주 DB",2,0.55,FALSE,FALSE
"S47G01N97","원주 DB","서울 SK",2,600,600,"교체IN","이선 알바노","원주 DB",2,0.55,FALSE,FALSE
"S47G01N97","원주 DB","서울 SK",2,600,600,"교체IN","김보배","원주 DB",2,0.55,FALSE,FALSE
"S47G01N97","원주 DB","서울 SK",2,600,600,"교체IN","헨리 엘런슨","원주 DB",2,0.55,FALSE,FALSE
"S47G01N97","원주 DB","서울 SK",2,600,600,"교체IN","대릴 먼로","서울 SK",2,0.55,FALSE,FALSE
"S47G01N97","원주 DB","서울 SK",2,600,600,"교체IN","알빈 톨렌티노","서울 SK",2,0.55,FALSE,FALSE
"S47G01N97","원주 DB","서울 SK",2,600,600,"교체IN","김형빈","서울 SK",2,0.55,FALSE,FALSE
"S47G01N97","원주 DB","서울 SK",2,600,600,"교체IN","안영준","서울 SK",2,0.55,FALSE,FALSE
"S47G01N97","원주 DB","서울 SK",2,600,600,"교체IN","최원혁","서울 SK",2,0.55,FALSE,FALSE
"S47G01N97","원주 DB","서울 SK",2,600,600,"쿼터시작",NA,NA,2,0.55,FALSE,FALSE
"S47G01N97","원주 DB","서울 SK",2,600,600,"교체OUT","헨리 엘런슨","원주 DB",2,0.55,FALSE,FALSE
"S47G01N97","원주 DB","서울 SK",2,600,600,"교체OUT","김보배","원주 DB",2,0.55,FALSE,FALSE
"S47G01N97","원주 DB","서울 SK",2,600,600,"교체OUT","박인웅","원주 DB",2,0.55,FALSE,FALSE
"S47G01N97","원주 DB","서울 SK",2,600,600,"교체OUT","강상재","원주 DB",2,0.55,FALSE,FALSE
"S47G01N97","원주 DB","서울 SK",2,600,600,"교체IN","이정현","원주 DB",2,0.55,FALSE,FALSE
"S47G01N97","원주 DB","서울 SK",2,600,600,"교체IN","이유진","원주 DB",2,0.55,FALSE,FALSE
"S47G01N97","원주 DB","서울 SK",2,600,600,"교체IN","정효근","원주 DB",2,0.55,FALSE,FALSE
"S47G01N97","원주 DB","서울 SK",2,600,600,"교체IN","에삼 무스타파","원주 DB",2,0.55,FALSE,FALSE
"S47G01N97","원주 DB","서울 SK",2,600,600,"교체OUT","김형빈","서울 SK",2,0.55,FALSE,FALSE
"S47G01N97","원주 DB","서울 SK",2,600,600,"교체OUT","알빈 톨렌티노","서울 SK",2,0.55,FALSE,FALSE
"S47G01N97","원주 DB","서울 SK",2,600,600,"교체IN","안성우","서울 SK",2,0.55,FALSE,FALSE
"S47G01N97","원주 DB","서울 SK",2,600,600,"교체IN","오세근","서울 SK",2,0.55,FALSE,FALSE
"S47G01N97","원주 DB","서울 SK",2,584,616,"2점 실패","대릴 먼로","서울 SK",2,0.55,FALSE,FALSE
"S47G01N97","원주 DB","서울 SK",2,583,617,"수비리바","정효근","원주 DB",2,0.55,FALSE,FALSE
"S47G01N97","원주 DB","서울 SK",2,574,626,"파울","정효근","원주 DB",2,0.55,FALSE,FALSE
"S47G01N97","원주 DB","서울 SK",2,574,626,"자유투부여",NA,"원주 DB",2,0.55,FALSE,FALSE
"S47G01N97","원주 DB","서울 SK",2,574,626,"code_214","정효근","원주 DB",2,0.55,FALSE,FALSE
"S47G01N97","원주 DB","서울 SK",2,574,626,"code_221","대릴 먼로","서울 SK",2,0.55,FALSE,FALSE
"S47G01N97","원주 DB","서울 SK",2,552,648,"3점 성공","오세근","서울 SK",2,0.55,FALSE,FALSE
"S47G01N97","원주 DB","서울 SK",2,528,672,"2점 실패","에삼 무스타파","원주 DB",-1,0.478,FALSE,FALSE
"S47G01N97","원주 DB","서울 SK",2,527,673,"code_218",NA,"서울 SK",-1,0.478,FALSE,FALSE
"S47G01N97","원주 DB","서울 SK",2,508,692,"3점 성공","안영준","서울 SK",-1,0.466,FALSE,FALSE
"S47G01N97","원주 DB","서울 SK",2,508,692,"어시스트","최원혁","서울 SK",-4,0.383,FALSE,FALSE
"S47G01N97","원주 DB","서울 SK",2,489,711,"2점 성공","에삼 무스타파","원주 DB",-4,0.393,FALSE,FALSE
"S47G01N97","원주 DB","서울 SK",2,489,711,"어시스트","정효근","원주 DB",-2,0.449,FALSE,FALSE
"S47G01N97","원주 DB","서울 SK",2,475,725,"code_227","에삼 무스타파","원주 DB",-2,0.449,FALSE,FALSE
"S47G01N97","원주 DB","서울 SK",2,466,734,"2점 실패","오세근","서울 SK",-2,0.437,FALSE,FALSE
"S47G01N97","원주 DB","서울 SK",2,463,737,"수비리바","이유진","원주 DB",-2,0.437,FALSE,FALSE
"S47G01N97","원주 DB","서울 SK",2,448,752,"파울","대릴 먼로","서울 SK",-2,0.448,FALSE,FALSE
"S47G01N97","원주 DB","서울 SK",2,448,752,"자유투부여",NA,"서울 SK",-2,0.448,FALSE,FALSE
"S47G01N97","원주 DB","서울 SK",2,448,752,"교체OUT","이선 알바노","원주 DB",-2,0.448,FALSE,FALSE
"S47G01N97","원주 DB","서울 SK",2,448,752,"교체IN","김휴범","원주 DB",-2,0.448,FALSE,FALSE
"S47G01N97","원주 DB","서울 SK",2,437,763,"3점 성공","김휴범","원주 DB",-2,0.448,FALSE,FALSE
"S47G01N97","원주 DB","서울 SK",2,437,763,"어시스트","이유진","원주 DB",1,0.535,FALSE,FALSE
"S47G01N97","원주 DB","서울 SK",2,412,788,"2점 성공","대릴 먼로","서울 SK",1,0.523,FALSE,FALSE
"S47G01N97","원주 DB","서울 SK",2,393,807,"2점 성공","정효근","원주 DB",-1,0.477,FALSE,FALSE
"S47G01N97","원주 DB","서울 SK",2,374,826,"파울","이정현","원주 DB",1,0.524,FALSE,FALSE
"S47G01N97","원주 DB","서울 SK",2,374,826,"자유투부여",NA,"원주 DB",1,0.524,FALSE,FALSE
"S47G01N97","원주 DB","서울 SK",2,369,831,"3점 성공","안영준","서울 SK",1,0.524,FALSE,FALSE
"S47G01N97","원주 DB","서울 SK",2,369,831,"어시스트","대릴 먼로","서울 SK",-2,0.435,FALSE,FALSE
"S47G01N97","원주 DB","서울 SK",2,348,852,"2점 성공","에삼 무스타파","원주 DB",-2,0.447,FALSE,FALSE
"S47G01N97","원주 DB","서울 SK",2,348,852,"어시스트","김휴범","원주 DB",0,0.506,FALSE,FALSE
"S47G01N97","원주 DB","서울 SK",2,329,871,"3점 실패","오세근","서울 SK",0,0.494,FALSE,FALSE
"S47G01N97","원주 DB","서울 SK",2,328,872,"수비리바","에삼 무스타파","원주 DB",0,0.494,FALSE,FALSE
"S47G01N97","원주 DB","서울 SK",2,324,876,"code_227","안영준","서울 SK",0,0.494,FALSE,FALSE
"S47G01N97","원주 DB","서울 SK",2,323,877,"code_229",NA,"서울 SK",0,0.494,FALSE,FALSE
"S47G01N97","원주 DB","서울 SK",2,323,877,"code_214","정효근","원주 DB",0,0.494,FALSE,FALSE
"S47G01N97","원주 DB","서울 SK",2,323,877,"교체OUT","대릴 먼로","서울 SK",0,0.494,FALSE,FALSE
"S47G01N97","원주 DB","서울 SK",2,323,877,"교체IN","자밀 워니","서울 SK",0,0.494,FALSE,FALSE
"S47G01N97","원주 DB","서울 SK",2,323,877,"교체OUT","안성우","서울 SK",0,0.494,FALSE,FALSE
"S47G01N97","원주 DB","서울 SK",2,323,877,"교체IN","김낙현","서울 SK",0,0.494,FALSE,FALSE
"S47G01N97","원주 DB","서울 SK",2,317,883,"code_214","김낙현","서울 SK",0,0.494,FALSE,FALSE
"S47G01N97","원주 DB","서울 SK",2,316,884,"code_212","에삼 무스타파","원주 DB",0,0.494,FALSE,FALSE
"S47G01N97","원주 DB","서울 SK",2,311,889,"2점 성공","에삼 무스타파","원주 DB",0,0.506,FALSE,FALSE
"S47G01N97","원주 DB","서울 SK",2,311,889,"code_217",NA,"원주 DB",2,0.566,FALSE,FALSE
"S47G01N97","원주 DB","서울 SK",2,311,889,"타임아웃",NA,"서울 SK",2,0.566,FALSE,FALSE
"S47G01N97","원주 DB","서울 SK",2,304,896,"파울","김휴범","원주 DB",2,0.554,FALSE,FALSE
"S47G01N97","원주 DB","서울 SK",2,304,896,"자유투부여",NA,"원주 DB",2,0.554,FALSE,FALSE
"S47G01N97","원주 DB","서울 SK",2,300,900,"파울","이유진","원주 DB",2,0.554,FALSE,FALSE
"S47G01N97","원주 DB","서울 SK",2,300,900,"자유투부여",NA,"원주 DB",2,0.554,FALSE,FALSE
"S47G01N97","원주 DB","서울 SK",2,290,910,"2점 실패","자밀 워니","서울 SK",2,0.554,FALSE,FALSE
"S47G01N97","원주 DB","서울 SK",2,288,912,"수비리바","에삼 무스타파","원주 DB",2,0.554,FALSE,FALSE
"S47G01N97","원주 DB","서울 SK",2,268,932,"3점 실패","정효근","원주 DB",2,0.567,FALSE,FALSE
"S47G01N97","원주 DB","서울 SK",2,267,933,"code_218",NA,"원주 DB",2,0.567,FALSE,FALSE
"S47G01N97","원주 DB","서울 SK",2,267,933,"교체OUT","이유진","원주 DB",2,0.567,FALSE,FALSE
"S47G01N97","원주 DB","서울 SK",2,267,933,"교체IN","강상재","원주 DB",2,0.567,FALSE,FALSE
"S47G01N97","원주 DB","서울 SK",2,253,947,"2점 실패","에삼 무스타파","원주 DB",2,0.567,FALSE,FALSE
"S47G01N97","원주 DB","서울 SK",2,252,948,"수비리바","최원혁","서울 SK",2,0.567,FALSE,FALSE
"S47G01N97","원주 DB","서울 SK",2,239,961,"3점 실패","안영준","서울 SK",2,0.555,FALSE,FALSE
"S47G01N97","원주 DB","서울 SK",2,239,961,"code_218",NA,"원주 DB",2,0.555,FALSE,FALSE
"S47G01N97","원주 DB","서울 SK",2,239,961,"파울","오세근","서울 SK",2,0.568,FALSE,FALSE
"S47G01N97","원주 DB","서울 SK",2,239,961,"자유투부여",NA,"서울 SK",2,0.568,FALSE,FALSE
"S47G01N97","원주 DB","서울 SK",2,228,972,"code_214","김휴범","원주 DB",2,0.568,FALSE,FALSE
"S47G01N97","원주 DB","서울 SK",2,228,972,"교체OUT","오세근","서울 SK",2,0.568,FALSE,FALSE
"S47G01N97","원주 DB","서울 SK",2,228,972,"교체IN","김명진","서울 SK",2,0.568,FALSE,FALSE
"S47G01N97","원주 DB","서울 SK",2,214,986,"2점 실패","자밀 워니","서울 SK",2,0.556,FALSE,FALSE
"S47G01N97","원주 DB","서울 SK",2,213,987,"수비리바","김휴범","원주 DB",2,0.556,FALSE,FALSE
"S47G01N97","원주 DB","서울 SK",2,209,991,"code_214","김휴범","원주 DB",2,0.556,FALSE,FALSE
"S47G01N97","원주 DB","서울 SK",2,208,992,"code_212","자밀 워니","서울 SK",2,0.556,FALSE,FALSE
"S47G01N97","원주 DB","서울 SK",2,203,997,"3점 실패","김명진","서울 SK",2,0.556,FALSE,FALSE
"S47G01N97","원주 DB","서울 SK",2,201,999,"수비리바","이정현","원주 DB",2,0.556,FALSE,FALSE
"S47G01N97","원주 DB","서울 SK",2,197,1003,"2점 성공","이정현","원주 DB",2,0.569,FALSE,FALSE
"S47G01N97","원주 DB","서울 SK",2,196,1004,"code_217",NA,"원주 DB",4,0.629,FALSE,FALSE
"S47G01N97","원주 DB","서울 SK",2,176,1024,"3점 실패","자밀 워니","서울 SK",4,0.618,FALSE,FALSE
"S47G01N97","원주 DB","서울 SK",2,174,1026,"수비리바","강상재","원주 DB",4,0.618,FALSE,FALSE
"S47G01N97","원주 DB","서울 SK",2,171,1029,"code_227","김낙현","서울 SK",4,0.618,FALSE,FALSE
"S47G01N97","원주 DB","서울 SK",2,168,1032,"파울","최원혁","서울 SK",4,0.631,FALSE,FALSE
"S47G01N97","원주 DB","서울 SK",2,168,1032,"자유투부여",NA,"서울 SK",4,0.631,FALSE,FALSE
"S47G01N97","원주 DB","서울 SK",2,168,1032,"교체OUT","김휴범","원주 DB",4,0.631,FALSE,FALSE
"S47G01N97","원주 DB","서울 SK",2,168,1032,"교체IN","이선 알바노","원주 DB",4,0.631,FALSE,FALSE
"S47G01N97","원주 DB","서울 SK",2,154,1046,"code_214","에삼 무스타파","원주 DB",4,0.631,FALSE,FALSE
"S47G01N97","원주 DB","서울 SK",2,153,1047,"code_212","최원혁","서울 SK",4,0.631,FALSE,FALSE
"S47G01N97","원주 DB","서울 SK",2,141,1059,"2점 성공","자밀 워니","서울 SK",4,0.62,FALSE,FALSE
"S47G01N97","원주 DB","서울 SK",2,141,1059,"어시스트","최원혁","서울 SK",2,0.557,FALSE,FALSE
"S47G01N97","원주 DB","서울 SK",2,141,1059,"타임아웃",NA,"원주 DB",2,0.557,FALSE,FALSE
"S47G01N97","원주 DB","서울 SK",2,141,1059,"교체OUT","안영준","서울 SK",2,0.557,FALSE,FALSE
"S47G01N97","원주 DB","서울 SK",2,141,1059,"교체IN","김형빈","서울 SK",2,0.557,FALSE,FALSE
"S47G01N97","원주 DB","서울 SK",2,119,1081,"2점 실패","이선 알바노","원주 DB",2,0.571,TRUE,FALSE
"S47G01N97","원주 DB","서울 SK",2,118,1082,"공격리바","에삼 무스타파","원주 DB",2,0.571,FALSE,FALSE
"S47G01N97","원주 DB","서울 SK",2,117,1083,"2점 실패","에삼 무스타파","원주 DB",2,0.571,FALSE,FALSE
"S47G01N97","원주 DB","서울 SK",2,116,1084,"공격리바","에삼 무스타파","원주 DB",2,0.571,FALSE,FALSE
"S47G01N97","원주 DB","서울 SK",2,116,1084,"파울","최원혁","서울 SK",2,0.571,FALSE,FALSE
"S47G01N97","원주 DB","서울 SK",2,116,1084,"자유투부여",NA,"서울 SK",2,0.571,FALSE,FALSE
"S47G01N97","원주 DB","서울 SK",2,108,1092,"3점 실패","이정현","원주 DB",2,0.571,FALSE,FALSE
"S47G01N97","원주 DB","서울 SK",2,106,1094,"code_218",NA,"원주 DB",2,0.571,FALSE,FALSE
"S47G01N97","원주 DB","서울 SK",2,97,1103,"3점 실패","정효근","원주 DB",2,0.571,FALSE,FALSE
"S47G01N97","원주 DB","서울 SK",2,96,1104,"수비리바","최원혁","서울 SK",2,0.571,FALSE,FALSE
"S47G01N97","원주 DB","서울 SK",2,80,1120,"2점 성공","자밀 워니","서울 SK",2,0.559,FALSE,FALSE
"S47G01N97","원주 DB","서울 SK",2,80,1120,"어시스트","김낙현","서울 SK",0,0.493,FALSE,FALSE
"S47G01N97","원주 DB","서울 SK",2,65,1135,"3점 실패","에삼 무스타파","원주 DB",0,0.507,FALSE,FALSE
"S47G01N97","원주 DB","서울 SK",2,64,1136,"수비리바","김형빈","서울 SK",0,0.507,FALSE,FALSE
"S47G01N97","원주 DB","서울 SK",2,40,1160,"2점 실패","자밀 워니","서울 SK",0,0.493,FALSE,FALSE
"S47G01N97","원주 DB","서울 SK",2,37,1163,"공격리바","최원혁","서울 SK",0,0.493,FALSE,FALSE
"S47G01N97","원주 DB","서울 SK",2,28,1172,"3점 실패","최원혁","서울 SK",0,0.493,FALSE,FALSE
"S47G01N97","원주 DB","서울 SK",2,27,1173,"수비리바","강상재","원주 DB",0,0.493,FALSE,FALSE
"S47G01N97","원주 DB","서울 SK",2,25,1175,"code_214","강상재","원주 DB",0,0.493,FALSE,FALSE
"S47G01N97","원주 DB","서울 SK",2,24,1176,"code_212","최원혁","서울 SK",0,0.493,FALSE,FALSE
"S47G01N97","원주 DB","서울 SK",2,24,1176,"code_215","에삼 무스타파","원주 DB",0,0.493,FALSE,FALSE
"S47G01N97","원주 DB","서울 SK",2,24,1176,"자유투부여",NA,"원주 DB",0,0.493,FALSE,FALSE
"S47G01N97","원주 DB","서울 SK",2,24,1176,"자유투 성공","최원혁","서울 SK",0,0.493,FALSE,FALSE
"S47G01N97","원주 DB","서울 SK",2,24,1176,"자유투 성공","최원혁","서울 SK",-1,0.46,FALSE,FALSE
"S47G01N97","원주 DB","서울 SK",2,24,1176,"타임아웃",NA,"원주 DB",-2,0.427,FALSE,FALSE
"S47G01N97","원주 DB","서울 SK",2,24,1176,"교체OUT","김명진","서울 SK",-2,0.427,FALSE,FALSE
"S47G01N97","원주 DB","서울 SK",2,24,1176,"교체IN","안영준","서울 SK",-2,0.427,FALSE,FALSE
"S47G01N97","원주 DB","서울 SK",2,24,1176,"교체OUT","에삼 무스타파","원주 DB",-2,0.427,FALSE,FALSE
"S47G01N97","원주 DB","서울 SK",2,24,1176,"교체IN","헨리 엘런슨","원주 DB",-2,0.427,FALSE,FALSE
"S47G01N97","원주 DB","서울 SK",2,6,1194,"code_214","이선 알바노","원주 DB",-2,0.426,FALSE,FALSE
"S47G01N97","원주 DB","서울 SK",2,5,1195,"code_212","최원혁","서울 SK",-2,0.426,FALSE,FALSE
"S47G01N97","원주 DB","서울 SK",2,1,1199,"2점 성공","김형빈","서울 SK",-2,0.426,FALSE,FALSE
"S47G01N97","원주 DB","서울 SK",2,1,1199,"어시스트","자밀 워니","서울 SK",-4,0.361,FALSE,FALSE
"S47G01N97","원주 DB","서울 SK",2,1,1199,"code_217",NA,"서울 SK",-4,0.361,FALSE,FALSE
"S47G01N97","원주 DB","서울 SK",2,0,1200,"쿼터종료",NA,NA,-4,0.361,FALSE,FALSE
"S47G01N97","원주 DB","서울 SK",2,0,1200,"교체OUT","강상재","원주 DB",-4,0.361,FALSE,FALSE
"S47G01N97","원주 DB","서울 SK",2,0,1200,"교체OUT","이선 알바노","원주 DB",-4,0.361,FALSE,FALSE
"S47G01N97","원주 DB","서울 SK",2,0,1200,"교체OUT","정효근","원주 DB",-4,0.361,FALSE,FALSE
"S47G01N97","원주 DB","서울 SK",2,0,1200,"교체OUT","헨리 엘런슨","원주 DB",-4,0.361,FALSE,FALSE
"S47G01N97","원주 DB","서울 SK",2,0,1200,"교체OUT","이정현","원주 DB",-4,0.361,FALSE,FALSE
"S47G01N97","원주 DB","서울 SK",2,0,1200,"교체OUT","자밀 워니","서울 SK",-4,0.361,FALSE,FALSE
"S47G01N97","원주 DB","서울 SK",2,0,1200,"교체OUT","김형빈","서울 SK",-4,0.361,FALSE,FALSE
"S47G01N97","원주 DB","서울 SK",2,0,1200,"교체OUT","안영준","서울 SK",-4,0.361,FALSE,FALSE
"S47G01N97","원주 DB","서울 SK",2,0,1200,"교체OUT","김낙현","서울 SK",-4,0.361,FALSE,FALSE
"S47G01N97","원주 DB","서울 SK",2,0,1200,"교체OUT","최원혁","서울 SK",-4,0.361,FALSE,FALSE
"S47G01N97","원주 DB","서울 SK",3,600,1200,"교체IN","강상재","원주 DB",-4,0.361,FALSE,FALSE
"S47G01N97","원주 DB","서울 SK",3,600,1200,"교체IN","이선 알바노","원주 DB",-4,0.361,FALSE,FALSE
"S47G01N97","원주 DB","서울 SK",3,600,1200,"교체IN","정효근","원주 DB",-4,0.361,FALSE,FALSE
"S47G01N97","원주 DB","서울 SK",3,600,1200,"교체IN","헨리 엘런슨","원주 DB",-4,0.361,FALSE,FALSE
"S47G01N97","원주 DB","서울 SK",3,600,1200,"교체IN","이정현","원주 DB",-4,0.361,FALSE,FALSE
"S47G01N97","원주 DB","서울 SK",3,600,1200,"교체IN","자밀 워니","서울 SK",-4,0.361,FALSE,FALSE
"S47G01N97","원주 DB","서울 SK",3,600,1200,"교체IN","김형빈","서울 SK",-4,0.361,FALSE,FALSE
"S47G01N97","원주 DB","서울 SK",3,600,1200,"교체IN","안영준","서울 SK",-4,0.361,FALSE,FALSE
"S47G01N97","원주 DB","서울 SK",3,600,1200,"교체IN","김낙현","서울 SK",-4,0.361,FALSE,FALSE
"S47G01N97","원주 DB","서울 SK",3,600,1200,"교체IN","최원혁","서울 SK",-4,0.361,FALSE,FALSE
"S47G01N97","원주 DB","서울 SK",3,600,1200,"쿼터시작",NA,NA,-4,0.361,FALSE,FALSE
"S47G01N97","원주 DB","서울 SK",3,600,1200,"교체OUT","최원혁","서울 SK",-4,0.361,FALSE,FALSE
"S47G01N97","원주 DB","서울 SK",3,600,1200,"교체IN","알빈 톨렌티노","서울 SK",-4,0.361,FALSE,FALSE
"S47G01N97","원주 DB","서울 SK",3,600,1200,"교체OUT","이정현","원주 DB",-4,0.361,FALSE,FALSE
"S47G01N97","원주 DB","서울 SK",3,600,1200,"교체IN","박인웅","원주 DB",-4,0.361,FALSE,FALSE
"S47G01N97","원주 DB","서울 SK",3,600,1200,"교체OUT","정효근","원주 DB",-4,0.361,FALSE,FALSE
"S47G01N97","원주 DB","서울 SK",3,600,1200,"교체IN","김보배","원주 DB",-4,0.361,FALSE,FALSE
"S47G01N97","원주 DB","서울 SK",3,587,1213,"code_227","자밀 워니","서울 SK",-4,0.36,FALSE,FALSE
"S47G01N97","원주 DB","서울 SK",3,580,1220,"2점 실패","헨리 엘런슨","원주 DB",-4,0.373,FALSE,FALSE
"S47G01N97","원주 DB","서울 SK",3,579,1221,"공격리바","강상재","원주 DB",-4,0.373,FALSE,FALSE
"S47G01N97","원주 DB","서울 SK",3,578,1222,"code_215","알빈 톨렌티노","서울 SK",-4,0.373,FALSE,FALSE
"S47G01N97","원주 DB","서울 SK",3,578,1222,"자유투부여",NA,"서울 SK",-4,0.373,FALSE,FALSE
"S47G01N97","원주 DB","서울 SK",3,578,1222,"자유투 성공","강상재","원주 DB",-4,0.373,FALSE,FALSE
"S47G01N97","원주 DB","서울 SK",3,578,1222,"자유투 성공","강상재","원주 DB",-3,0.405,FALSE,FALSE
"S47G01N97","원주 DB","서울 SK",3,566,1234,"code_227","박인웅","원주 DB",-2,0.439,FALSE,FALSE
"S47G01N97","원주 DB","서울 SK",3,557,1243,"2점 실패","자밀 워니","서울 SK",-2,0.425,FALSE,FALSE
"S47G01N97","원주 DB","서울 SK",3,556,1244,"수비리바","헨리 엘런슨","원주 DB",-2,0.425,FALSE,FALSE
"S47G01N97","원주 DB","서울 SK",3,544,1256,"3점 실패","헨리 엘런슨","원주 DB",-2,0.438,FALSE,FALSE
"S47G01N97","원주 DB","서울 SK",3,542,1258,"공격리바","강상재","원주 DB",-2,0.438,FALSE,FALSE
"S47G01N97","원주 DB","서울 SK",3,539,1261,"3점 실패","이선 알바노","원주 DB",-2,0.438,TRUE,FALSE
"S47G01N97","원주 DB","서울 SK",3,538,1262,"수비리바","알빈 톨렌티노","서울 SK",-2,0.438,FALSE,FALSE
"S47G01N97","원주 DB","서울 SK",3,535,1265,"파울","강상재","원주 DB",-2,0.424,FALSE,FALSE
"S47G01N97","원주 DB","서울 SK",3,535,1265,"자유투부여",NA,"원주 DB",-2,0.424,FALSE,FALSE
"S47G01N97","원주 DB","서울 SK",3,513,1287,"3점 실패","알빈 톨렌티노","서울 SK",-2,0.423,FALSE,FALSE
"S47G01N97","원주 DB","서울 SK",3,512,1288,"공격리바","안영준","서울 SK",-2,0.423,FALSE,FALSE
"S47G01N97","원주 DB","서울 SK",3,511,1289,"2점 실패","안영준","서울 SK",-2,0.423,FALSE,FALSE
"S47G01N97","원주 DB","서울 SK",3,509,1291,"수비리바","헨리 엘런슨","원주 DB",-2,0.423,FALSE,FALSE
"S47G01N97","원주 DB","서울 SK",3,503,1297,"2점 성공","헨리 엘런슨","원주 DB",-2,0.437,FALSE,FALSE
"S47G01N97","원주 DB","서울 SK",3,478,1322,"2점 성공","알빈 톨렌티노","서울 SK",0,0.493,FALSE,FALSE
"S47G01N97","원주 DB","서울 SK",3,465,1335,"3점 성공","강상재","원주 DB",-2,0.436,FALSE,FALSE
"S47G01N97","원주 DB","서울 SK",3,465,1335,"어시스트","이선 알바노","원주 DB",1,0.543,FALSE,FALSE
"S47G01N97","원주 DB","서울 SK",3,448,1352,"2점 실패","김낙현","서울 SK",1,0.529,FALSE,FALSE
"S47G01N97","원주 DB","서울 SK",3,446,1354,"수비리바","김보배","원주 DB",1,0.529,FALSE,FALSE
"S47G01N97","원주 DB","서울 SK",3,442,1358,"2점 실패","김보배","원주 DB",1,0.544,FALSE,FALSE
"S47G01N97","원주 DB","서울 SK",3,442,1358,"블록","자밀 워니","서울 SK",1,0.544,FALSE,FALSE
"S47G01N97","원주 DB","서울 SK",3,442,1358,"code_218",NA,"원주 DB",1,0.544,FALSE,FALSE
"S47G01N97","원주 DB","서울 SK",3,428,1372,"2점 실패","헨리 엘런슨","원주 DB",1,0.544,FALSE,FALSE
"S47G01N97","원주 DB","서울 SK",3,427,1373,"수비리바","자밀 워니","서울 SK",1,0.544,FALSE,FALSE
"S47G01N97","원주 DB","서울 SK",3,412,1388,"2점 성공","자밀 워니","서울 SK",1,0.529,FALSE,FALSE
"S47G01N97","원주 DB","서울 SK",3,412,1388,"어시스트","김낙현","서울 SK",-1,0.456,FALSE,FALSE
"S47G01N97","원주 DB","서울 SK",3,395,1405,"2점 성공","이선 알바노","원주 DB",-1,0.47,TRUE,FALSE
"S47G01N97","원주 DB","서울 SK",3,386,1414,"2점 성공","안영준","서울 SK",1,0.53,FALSE,FALSE
"S47G01N97","원주 DB","서울 SK",3,365,1435,"3점 실패","강상재","원주 DB",-1,0.47,FALSE,FALSE
"S47G01N97","원주 DB","서울 SK",3,364,1436,"code_218",NA,"서울 SK",-1,0.47,FALSE,FALSE
"S47G01N97","원주 DB","서울 SK",3,344,1456,"3점 성공","자밀 워니","서울 SK",-1,0.454,FALSE,FALSE
"S47G01N97","원주 DB","서울 SK",3,344,1456,"어시스트","김낙현","서울 SK",-4,0.344,FALSE,FALSE
"S47G01N97","원주 DB","서울 SK",3,332,1468,"code_227","안영준","서울 SK",-4,0.343,FALSE,FALSE
"S47G01N97","원주 DB","서울 SK",3,323,1477,"code_214","김보배","원주 DB",-4,0.342,FALSE,FALSE
"S47G01N97","원주 DB","서울 SK",3,322,1478,"code_212","자밀 워니","서울 SK",-4,0.342,FALSE,FALSE
"S47G01N97","원주 DB","서울 SK",3,316,1484,"2점 성공","알빈 톨렌티노","서울 SK",-4,0.342,FALSE,FALSE
"S47G01N97","원주 DB","서울 SK",3,316,1484,"타임아웃",NA,"원주 DB",-6,0.274,FALSE,FALSE
"S47G01N97","원주 DB","서울 SK",3,316,1484,"교체OUT","김보배","원주 DB",-6,0.274,FALSE,FALSE
"S47G01N97","원주 DB","서울 SK",3,316,1484,"교체IN","정효근","원주 DB",-6,0.274,FALSE,FALSE
"S47G01N97","원주 DB","서울 SK",3,296,1504,"code_215","김낙현","서울 SK",-6,0.272,FALSE,FALSE
"S47G01N97","원주 DB","서울 SK",3,296,1504,"자유투부여",NA,"서울 SK",-6,0.272,FALSE,FALSE
"S47G01N97","원주 DB","서울 SK",3,296,1504,"자유투 성공","강상재","원주 DB",-6,0.285,FALSE,FALSE
"S47G01N97","원주 DB","서울 SK",3,296,1504,"자유투 성공","강상재","원주 DB",-5,0.319,FALSE,FALSE
"S47G01N97","원주 DB","서울 SK",3,285,1515,"파울","정효근","원주 DB",-4,0.339,FALSE,FALSE
"S47G01N97","원주 DB","서울 SK",3,285,1515,"자유투부여",NA,"원주 DB",-4,0.339,FALSE,FALSE
"S47G01N97","원주 DB","서울 SK",3,273,1527,"3점 성공","김형빈","서울 SK",-4,0.338,FALSE,FALSE
"S47G01N97","원주 DB","서울 SK",3,273,1527,"어시스트","자밀 워니","서울 SK",-7,0.237,FALSE,FALSE
"S47G01N97","원주 DB","서울 SK",3,260,1540,"3점 실패","이선 알바노","원주 DB",-7,0.248,TRUE,FALSE
"S47G01N97","원주 DB","서울 SK",3,258,1542,"수비리바","자밀 워니","서울 SK",-7,0.248,FALSE,FALSE
"S47G01N97","원주 DB","서울 SK",3,245,1555,"2점 실패","자밀 워니","서울 SK",-7,0.234,FALSE,FALSE
"S47G01N97","원주 DB","서울 SK",3,243,1557,"수비리바","이선 알바노","원주 DB",-7,0.233,FALSE,FALSE
"S47G01N97","원주 DB","서울 SK",3,240,1560,"파울","안영준","서울 SK",-7,0.246,FALSE,FALSE
"S47G01N97","원주 DB","서울 SK",3,240,1560,"자유투부여",NA,"서울 SK",-7,0.246,FALSE,FALSE
"S47G01N97","원주 DB","서울 SK",3,224,1576,"2점 성공","강상재","원주 DB",-7,0.243,FALSE,FALSE
"S47G01N97","원주 DB","서울 SK",3,199,1601,"3점 실패","김낙현","서울 SK",-5,0.295,FALSE,FALSE
"S47G01N97","원주 DB","서울 SK",3,198,1602,"수비리바","헨리 엘런슨","원주 DB",-5,0.294,FALSE,FALSE
"S47G01N97","원주 DB","서울 SK",3,189,1611,"3점 실패","박인웅","원주 DB",-5,0.308,FALSE,FALSE
"S47G01N97","원주 DB","서울 SK",3,188,1612,"수비리바","안영준","서울 SK",-5,0.308,FALSE,FALSE
"S47G01N97","원주 DB","서울 SK",3,187,1613,"파울","이선 알바노","원주 DB",-5,0.293,FALSE,FALSE
"S47G01N97","원주 DB","서울 SK",3,187,1613,"자유투부여",NA,"원주 DB",-5,0.293,FALSE,FALSE
"S47G01N97","원주 DB","서울 SK",3,187,1613,"교체OUT","김낙현","서울 SK",-5,0.293,FALSE,FALSE
"S47G01N97","원주 DB","서울 SK",3,187,1613,"교체IN","최원혁","서울 SK",-5,0.293,FALSE,FALSE
"S47G01N97","원주 DB","서울 SK",3,165,1635,"2점 성공","알빈 톨렌티노","서울 SK",-5,0.29,FALSE,FALSE
"S47G01N97","원주 DB","서울 SK",3,145,1655,"파울","안영준","서울 SK",-7,0.232,FALSE,FALSE
"S47G01N97","원주 DB","서울 SK",3,145,1655,"자유투부여",NA,"서울 SK",-7,0.232,FALSE,FALSE
"S47G01N97","원주 DB","서울 SK",3,145,1655,"교체OUT","박인웅","원주 DB",-7,0.232,FALSE,FALSE
"S47G01N97","원주 DB","서울 SK",3,145,1655,"교체IN","이유진","원주 DB",-7,0.232,FALSE,FALSE
"S47G01N97","원주 DB","서울 SK",3,137,1663,"3점 실패","헨리 엘런슨","원주 DB",-7,0.231,FALSE,FALSE
"S47G01N97","원주 DB","서울 SK",3,136,1664,"수비리바","알빈 톨렌티노","서울 SK",-7,0.231,FALSE,FALSE
"S47G01N97","원주 DB","서울 SK",3,120,1680,"3점 실패","최원혁","서울 SK",-7,0.215,FALSE,FALSE
"S47G01N97","원주 DB","서울 SK",3,119,1681,"수비리바","정효근","원주 DB",-7,0.215,FALSE,FALSE
"S47G01N97","원주 DB","서울 SK",3,113,1687,"code_215","알빈 톨렌티노","서울 SK",-7,0.214,FALSE,FALSE
"S47G01N97","원주 DB","서울 SK",3,113,1687,"자유투부여",NA,"서울 SK",-7,0.214,FALSE,FALSE
"S47G01N97","원주 DB","서울 SK",3,113,1687,"자유투 성공","헨리 엘런슨","원주 DB",-7,0.227,FALSE,FALSE
"S47G01N97","원주 DB","서울 SK",3,113,1687,"어시스트","이선 알바노","원주 DB",-6,0.262,FALSE,FALSE
"S47G01N97","원주 DB","서울 SK",3,113,1687,"code_217",NA,"원주 DB",-6,0.262,FALSE,FALSE
"S47G01N97","원주 DB","서울 SK",3,112,1688,"자유투 실패","헨리 엘런슨","원주 DB",-6,0.262,FALSE,FALSE
"S47G01N97","원주 DB","서울 SK",3,111,1689,"수비리바","알빈 톨렌티노","서울 SK",-6,0.262,FALSE,FALSE
"S47G01N97","원주 DB","서울 SK",3,99,1701,"code_214","자밀 워니","서울 SK",-6,0.26,FALSE,FALSE
"S47G01N97","원주 DB","서울 SK",3,98,1702,"code_212","정효근","원주 DB",-6,0.26,FALSE,FALSE
"S47G01N97","원주 DB","서울 SK",3,93,1707,"code_227","자밀 워니","서울 SK",-6,0.259,FALSE,FALSE
"S47G01N97","원주 DB","서울 SK",3,79,1721,"2점 실패","이유진","원주 DB",-6,0.257,FALSE,FALSE
"S47G01N97","원주 DB","서울 SK",3,78,1722,"수비리바","최원혁","서울 SK",-6,0.257,FALSE,FALSE
"S47G01N97","원주 DB","서울 SK",3,62,1738,"code_214","최원혁","서울 SK",-6,0.254,FALSE,FALSE
"S47G01N97","원주 DB","서울 SK",3,61,1739,"code_212","이선 알바노","원주 DB",-6,0.254,FALSE,FALSE
"S47G01N97","원주 DB","서울 SK",3,56,1744,"2점 성공","헨리 엘런슨","원주 DB",-6,0.253,FALSE,FALSE
"S47G01N97","원주 DB","서울 SK",3,56,1744,"어시스트","강상재","원주 DB",-4,0.332,FALSE,FALSE
"S47G01N97","원주 DB","서울 SK",3,56,1744,"code_217",NA,"원주 DB",-4,0.332,FALSE,FALSE
"S47G01N97","원주 DB","서울 SK",3,56,1744,"code_215","최원혁","서울 SK",-4,0.332,FALSE,FALSE
"S47G01N97","원주 DB","서울 SK",3,56,1744,"타임아웃",NA,"서울 SK",-4,0.332,FALSE,FALSE
"S47G01N97","원주 DB","서울 SK",3,56,1744,"교체OUT","최원혁","서울 SK",-4,0.332,FALSE,FALSE
"S47G01N97","원주 DB","서울 SK",3,56,1744,"교체IN","김낙현","서울 SK",-4,0.332,FALSE,FALSE
"S47G01N97","원주 DB","서울 SK",3,56,1744,"자유투 성공","헨리 엘런슨","원주 DB",-4,0.332,FALSE,FALSE
"S47G01N97","원주 DB","서울 SK",3,42,1758,"2점 실패","자밀 워니","서울 SK",-3,0.355,FALSE,FALSE
"S47G01N97","원주 DB","서울 SK",3,41,1759,"공격리바","자밀 워니","서울 SK",-3,0.355,FALSE,FALSE
"S47G01N97","원주 DB","서울 SK",3,41,1759,"code_215","헨리 엘런슨","원주 DB",-3,0.355,FALSE,FALSE
"S47G01N97","원주 DB","서울 SK",3,41,1759,"자유투부여",NA,"원주 DB",-3,0.355,FALSE,FALSE
"S47G01N97","원주 DB","서울 SK",3,41,1759,"자유투 성공","자밀 워니","서울 SK",-3,0.355,FALSE,FALSE
"S47G01N97","원주 DB","서울 SK",3,41,1759,"자유투 실패","자밀 워니","서울 SK",-4,0.313,FALSE,FALSE
"S47G01N97","원주 DB","서울 SK",3,39,1761,"수비리바","강상재","원주 DB",-4,0.313,FALSE,FALSE
"S47G01N97","원주 DB","서울 SK",3,20,1780,"3점 실패","헨리 엘런슨","원주 DB",-4,0.327,FALSE,FALSE
"S47G01N97","원주 DB","서울 SK",3,18,1782,"공격리바","강상재","원주 DB",-4,0.327,FALSE,FALSE
"S47G01N97","원주 DB","서울 SK",3,17,1783,"code_214","강상재","원주 DB",-4,0.327,FALSE,FALSE
"S47G01N97","원주 DB","서울 SK",3,16,1784,"code_212","김형빈","서울 SK",-4,0.327,FALSE,FALSE
"S47G01N97","원주 DB","서울 SK",3,2,1798,"3점 실패","알빈 톨렌티노","서울 SK",-4,0.308,FALSE,FALSE
"S47G01N97","원주 DB","서울 SK",3,1,1799,"수비리바","강상재","원주 DB",-4,0.307,FALSE,FALSE
"S47G01N97","원주 DB","서울 SK",3,0,1800,"쿼터종료",NA,NA,-4,0.307,FALSE,FALSE
"S47G01N97","원주 DB","서울 SK",3,0,1800,"교체OUT","강상재","원주 DB",-4,0.307,FALSE,FALSE
"S47G01N97","원주 DB","서울 SK",3,0,1800,"교체OUT","이선 알바노","원주 DB",-4,0.307,FALSE,FALSE
"S47G01N97","원주 DB","서울 SK",3,0,1800,"교체OUT","정효근","원주 DB",-4,0.307,FALSE,FALSE
"S47G01N97","원주 DB","서울 SK",3,0,1800,"교체OUT","헨리 엘런슨","원주 DB",-4,0.307,FALSE,FALSE
"S47G01N97","원주 DB","서울 SK",3,0,1800,"교체OUT","이유진","원주 DB",-4,0.307,FALSE,FALSE
"S47G01N97","원주 DB","서울 SK",3,0,1800,"교체OUT","자밀 워니","서울 SK",-4,0.307,FALSE,FALSE
"S47G01N97","원주 DB","서울 SK",3,0,1800,"교체OUT","알빈 톨렌티노","서울 SK",-4,0.307,FALSE,FALSE
"S47G01N97","원주 DB","서울 SK",3,0,1800,"교체OUT","김형빈","서울 SK",-4,0.307,FALSE,FALSE
"S47G01N97","원주 DB","서울 SK",3,0,1800,"교체OUT","안영준","서울 SK",-4,0.307,FALSE,FALSE
"S47G01N97","원주 DB","서울 SK",3,0,1800,"교체OUT","김낙현","서울 SK",-4,0.307,FALSE,FALSE
"S47G01N97","원주 DB","서울 SK",4,600,1800,"교체IN","강상재","원주 DB",-4,0.307,FALSE,FALSE
"S47G01N97","원주 DB","서울 SK",4,600,1800,"교체IN","이선 알바노","원주 DB",-4,0.307,FALSE,FALSE
"S47G01N97","원주 DB","서울 SK",4,600,1800,"교체IN","정효근","원주 DB",-4,0.307,FALSE,FALSE
"S47G01N97","원주 DB","서울 SK",4,600,1800,"교체IN","헨리 엘런슨","원주 DB",-4,0.307,FALSE,FALSE
"S47G01N97","원주 DB","서울 SK",4,600,1800,"교체IN","이유진","원주 DB",-4,0.307,FALSE,FALSE
"S47G01N97","원주 DB","서울 SK",4,600,1800,"교체IN","자밀 워니","서울 SK",-4,0.307,FALSE,FALSE
"S47G01N97","원주 DB","서울 SK",4,600,1800,"교체IN","알빈 톨렌티노","서울 SK",-4,0.307,FALSE,FALSE
"S47G01N97","원주 DB","서울 SK",4,600,1800,"교체IN","김형빈","서울 SK",-4,0.307,FALSE,FALSE
"S47G01N97","원주 DB","서울 SK",4,600,1800,"교체IN","안영준","서울 SK",-4,0.307,FALSE,FALSE
"S47G01N97","원주 DB","서울 SK",4,600,1800,"교체IN","김낙현","서울 SK",-4,0.307,FALSE,FALSE
"S47G01N97","원주 DB","서울 SK",4,600,1800,"쿼터시작",NA,NA,-4,0.307,FALSE,FALSE
"S47G01N97","원주 DB","서울 SK",4,600,1800,"교체OUT","자밀 워니","서울 SK",-4,0.307,FALSE,FALSE
"S47G01N97","원주 DB","서울 SK",4,600,1800,"교체IN","대릴 먼로","서울 SK",-4,0.307,FALSE,FALSE
"S47G01N97","원주 DB","서울 SK",4,600,1800,"교체OUT","이유진","원주 DB",-4,0.307,FALSE,FALSE
"S47G01N97","원주 DB","서울 SK",4,600,1800,"교체IN","박인웅","원주 DB",-4,0.307,FALSE,FALSE
"S47G01N97","원주 DB","서울 SK",4,579,1821,"2점 성공","김형빈","서울 SK",-4,0.304,FALSE,FALSE
"S47G01N97","원주 DB","서울 SK",4,579,1821,"어시스트","알빈 톨렌티노","서울 SK",-6,0.225,FALSE,FALSE
"S47G01N97","원주 DB","서울 SK",4,556,1844,"3점 실패","강상재","원주 DB",-6,0.235,FALSE,FALSE
"S47G01N97","원주 DB","서울 SK",4,554,1846,"code_218",NA,"원주 DB",-6,0.235,FALSE,FALSE
"S47G01N97","원주 DB","서울 SK",4,544,1856,"3점 성공","헨리 엘런슨","원주 DB",-6,0.233,FALSE,FALSE
"S47G01N97","원주 DB","서울 SK",4,544,1856,"어시스트","이선 알바노","원주 DB",-3,0.362,FALSE,FALSE
"S47G01N97","원주 DB","서울 SK",4,528,1872,"2점 성공","알빈 톨렌티노","서울 SK",-3,0.341,FALSE,FALSE
"S47G01N97","원주 DB","서울 SK",4,528,1872,"어시스트","대릴 먼로","서울 SK",-5,0.253,FALSE,FALSE
"S47G01N97","원주 DB","서울 SK",4,507,1893,"2점 실패","헨리 엘런슨","원주 DB",-5,0.266,FALSE,FALSE
"S47G01N97","원주 DB","서울 SK",4,505,1895,"수비리바","안영준","서울 SK",-5,0.265,FALSE,FALSE
"S47G01N97","원주 DB","서울 SK",4,496,1904,"2점 성공","안영준","서울 SK",-5,0.246,FALSE,FALSE
"S47G01N97","원주 DB","서울 SK",4,477,1923,"code_214","강상재","원주 DB",-7,0.167,FALSE,FALSE
"S47G01N97","원주 DB","서울 SK",4,476,1924,"code_212","김낙현","서울 SK",-7,0.166,FALSE,FALSE
"S47G01N97","원주 DB","서울 SK",4,473,1927,"code_227","강상재","원주 DB",-7,0.165,FALSE,FALSE
"S47G01N97","원주 DB","서울 SK",4,459,1941,"2점 실패","안영준","서울 SK",-7,0.162,FALSE,FALSE
"S47G01N97","원주 DB","서울 SK",4,458,1942,"수비리바","이선 알바노","원주 DB",-7,0.162,FALSE,FALSE
"S47G01N97","원주 DB","서울 SK",4,444,1956,"code_215","안영준","서울 SK",-7,0.158,FALSE,FALSE
"S47G01N97","원주 DB","서울 SK",4,444,1956,"자유투부여",NA,"서울 SK",-7,0.158,FALSE,FALSE
"S47G01N97","원주 DB","서울 SK",4,444,1956,"자유투 성공","이선 알바노","원주 DB",-7,0.172,FALSE,FALSE
"S47G01N97","원주 DB","서울 SK",4,444,1956,"자유투 성공","이선 알바노","원주 DB",-6,0.21,FALSE,FALSE
"S47G01N97","원주 DB","서울 SK",4,421,1979,"code_215","박인웅","원주 DB",-5,0.246,FALSE,FALSE
"S47G01N97","원주 DB","서울 SK",4,421,1979,"자유투부여",NA,"원주 DB",-5,0.246,FALSE,FALSE
"S47G01N97","원주 DB","서울 SK",4,421,1979,"자유투 성공","알빈 톨렌티노","서울 SK",-5,0.228,FALSE,FALSE
"S47G01N97","원주 DB","서울 SK",4,420,1980,"자유투 실패","알빈 톨렌티노","서울 SK",-6,0.187,FALSE,FALSE
"S47G01N97","원주 DB","서울 SK",4,420,1980,"수비리바","헨리 엘런슨","원주 DB",-6,0.187,FALSE,FALSE
"S47G01N97","원주 DB","서울 SK",4,402,1998,"2점 실패","헨리 엘런슨","원주 DB",-6,0.198,FALSE,FALSE
"S47G01N97","원주 DB","서울 SK",4,401,1999,"수비리바","대릴 먼로","서울 SK",-6,0.198,FALSE,FALSE
"S47G01N97","원주 DB","서울 SK",4,401,1999,"파울","정효근","원주 DB",-6,0.182,FALSE,FALSE
"S47G01N97","원주 DB","서울 SK",4,401,1999,"자유투부여",NA,"원주 DB",-6,0.182,FALSE,FALSE
"S47G01N97","원주 DB","서울 SK",4,401,1999,"교체OUT","안영준","서울 SK",-6,0.182,FALSE,FALSE
"S47G01N97","원주 DB","서울 SK",4,401,1999,"교체IN","김명진","서울 SK",-6,0.182,FALSE,FALSE
"S47G01N97","원주 DB","서울 SK",4,389,2011,"3점 실패","김낙현","서울 SK",-6,0.178,FALSE,FALSE
"S47G01N97","원주 DB","서울 SK",4,388,2012,"수비리바","정효근","원주 DB",-6,0.178,FALSE,FALSE
"S47G01N97","원주 DB","서울 SK",4,378,2022,"3점 성공","이선 알바노","원주 DB",-6,0.191,TRUE,FALSE
"S47G01N97","원주 DB","서울 SK",4,358,2042,"2점 실패","대릴 먼로","서울 SK",-3,0.31,FALSE,FALSE
"S47G01N97","원주 DB","서울 SK",4,358,2042,"수비리바","정효근","원주 DB",-3,0.31,FALSE,FALSE
"S47G01N97","원주 DB","서울 SK",4,358,2042,"교체OUT","헨리 엘런슨","원주 DB",-3,0.31,FALSE,FALSE
"S47G01N97","원주 DB","서울 SK",4,358,2042,"교체IN","에삼 무스타파","원주 DB",-3,0.31,FALSE,FALSE
"S47G01N97","원주 DB","서울 SK",4,358,2042,"교체OUT","대릴 먼로","서울 SK",-3,0.31,FALSE,FALSE
"S47G01N97","원주 DB","서울 SK",4,358,2042,"교체IN","자밀 워니","서울 SK",-3,0.31,FALSE,FALSE
"S47G01N97","원주 DB","서울 SK",4,358,2042,"교체OUT","김명진","서울 SK",-3,0.31,FALSE,FALSE
"S47G01N97","원주 DB","서울 SK",4,358,2042,"교체IN","안성우","서울 SK",-3,0.31,FALSE,FALSE
"S47G01N97","원주 DB","서울 SK",4,358,2042,"교체OUT","김형빈","서울 SK",-3,0.31,FALSE,FALSE
"S47G01N97","원주 DB","서울 SK",4,358,2042,"교체IN","오세근","서울 SK",-3,0.31,FALSE,FALSE
"S47G01N97","원주 DB","서울 SK",4,337,2063,"2점 실패","에삼 무스타파","원주 DB",-3,0.327,FALSE,FALSE
"S47G01N97","원주 DB","서울 SK",4,336,2064,"수비리바","알빈 톨렌티노","서울 SK",-3,0.327,FALSE,FALSE
"S47G01N97","원주 DB","서울 SK",4,321,2079,"2점 성공","알빈 톨렌티노","서울 SK",-3,0.3,FALSE,FALSE
"S47G01N97","원주 DB","서울 SK",4,321,2079,"code_215","정효근","원주 DB",-5,0.197,FALSE,FALSE
"S47G01N97","원주 DB","서울 SK",4,321,2079,"자유투부여",NA,"원주 DB",-5,0.197,FALSE,FALSE
"S47G01N97","원주 DB","서울 SK",4,320,2080,"자유투 실패","알빈 톨렌티노","서울 SK",-5,0.197,FALSE,FALSE
"S47G01N97","원주 DB","서울 SK",4,318,2082,"수비리바","정효근","원주 DB",-5,0.196,FALSE,FALSE
"S47G01N97","원주 DB","서울 SK",4,312,2088,"2점 성공","이선 알바노","원주 DB",-5,0.213,TRUE,FALSE
"S47G01N97","원주 DB","서울 SK",4,291,2109,"3점 실패","오세근","서울 SK",-3,0.291,FALSE,FALSE
"S47G01N97","원주 DB","서울 SK",4,289,2111,"수비리바","이선 알바노","원주 DB",-3,0.29,FALSE,FALSE
"S47G01N97","원주 DB","서울 SK",4,282,2118,"3점 실패","이선 알바노","원주 DB",-3,0.312,TRUE,FALSE
"S47G01N97","원주 DB","서울 SK",4,281,2119,"공격리바","에삼 무스타파","원주 DB",-3,0.312,FALSE,FALSE
"S47G01N97","원주 DB","서울 SK",4,279,2121,"code_215","안성우","서울 SK",-3,0.311,FALSE,FALSE
"S47G01N97","원주 DB","서울 SK",4,279,2121,"자유투부여",NA,"서울 SK",-3,0.311,FALSE,FALSE
"S47G01N97","원주 DB","서울 SK",4,279,2121,"code_229",NA,"서울 SK",-3,0.311,FALSE,FALSE
"S47G01N97","원주 DB","서울 SK",4,279,2121,"교체OUT","박인웅","원주 DB",-3,0.311,FALSE,FALSE
"S47G01N97","원주 DB","서울 SK",4,279,2121,"교체IN","이용우","원주 DB",-3,0.311,FALSE,FALSE
"S47G01N97","원주 DB","서울 SK",4,279,2121,"교체OUT","안성우","서울 SK",-3,0.311,FALSE,FALSE
"S47G01N97","원주 DB","서울 SK",4,279,2121,"교체IN","안영준","서울 SK",-3,0.311,FALSE,FALSE
"S47G01N97","원주 DB","서울 SK",4,279,2121,"자유투 실패","이선 알바노","원주 DB",-3,0.311,FALSE,FALSE
"S47G01N97","원주 DB","서울 SK",4,279,2121,"자유투 성공","이선 알바노","원주 DB",-3,0.311,FALSE,FALSE
"S47G01N97","원주 DB","서울 SK",4,279,2121,"어시스트","에삼 무스타파","원주 DB",-2,0.376,FALSE,FALSE
"S47G01N97","원주 DB","서울 SK",4,260,2140,"2점 실패","자밀 워니","서울 SK",-2,0.344,FALSE,FALSE
"S47G01N97","원주 DB","서울 SK",4,259,2141,"공격리바","김낙현","서울 SK",-2,0.344,FALSE,FALSE
"S47G01N97","원주 DB","서울 SK",4,246,2154,"3점 실패","자밀 워니","서울 SK",-2,0.34,FALSE,FALSE
"S47G01N97","원주 DB","서울 SK",4,245,2155,"공격리바","안영준","서울 SK",-2,0.34,FALSE,FALSE
"S47G01N97","원주 DB","서울 SK",4,231,2169,"2점 실패","안영준","서울 SK",-2,0.335,FALSE,FALSE
"S47G01N97","원주 DB","서울 SK",4,230,2170,"수비리바","에삼 무스타파","원주 DB",-2,0.335,FALSE,FALSE
"S47G01N97","원주 DB","서울 SK",4,212,2188,"3점 실패","이선 알바노","원주 DB",-2,0.358,TRUE,FALSE
"S47G01N97","원주 DB","서울 SK",4,211,2189,"수비리바","알빈 톨렌티노","서울 SK",-2,0.358,FALSE,FALSE
"S47G01N97","원주 DB","서울 SK",4,189,2211,"3점 성공","오세근","서울 SK",-2,0.319,FALSE,FALSE
"S47G01N97","원주 DB","서울 SK",4,189,2211,"어시스트","자밀 워니","서울 SK",-5,0.133,FALSE,FALSE
"S47G01N97","원주 DB","서울 SK",4,189,2211,"타임아웃",NA,"원주 DB",-5,0.133,FALSE,FALSE
"S47G01N97","원주 DB","서울 SK",4,180,2220,"2점 성공","정효근","원주 DB",-5,0.147,FALSE,FALSE
"S47G01N97","원주 DB","서울 SK",4,180,2220,"어시스트","이선 알바노","원주 DB",-3,0.27,FALSE,FALSE
"S47G01N97","원주 DB","서울 SK",4,157,2243,"2점 실패","자밀 워니","서울 SK",-3,0.227,FALSE,FALSE
"S47G01N97","원주 DB","서울 SK",4,156,2244,"수비리바","정효근","원주 DB",-3,0.226,FALSE,FALSE
"S47G01N97","원주 DB","서울 SK",4,147,2253,"파울","알빈 톨렌티노","서울 SK",-3,0.249,FALSE,FALSE
"S47G01N97","원주 DB","서울 SK",4,147,2253,"자유투부여",NA,"서울 SK",-3,0.249,FALSE,FALSE
"S47G01N97","원주 DB","서울 SK",4,138,2262,"2점 실패","정효근","원주 DB",-3,0.242,FALSE,FALSE
"S47G01N97","원주 DB","서울 SK",4,137,2263,"블록","자밀 워니","서울 SK",-3,0.241,FALSE,FALSE
"S47G01N97","원주 DB","서울 SK",4,137,2263,"code_218",NA,"서울 SK",-3,0.241,FALSE,FALSE
"S47G01N97","원주 DB","서울 SK",4,122,2278,"code_229",NA,"원주 DB",-3,0.228,FALSE,FALSE
"S47G01N97","원주 DB","서울 SK",4,122,2278,"2점 실패","안영준","서울 SK",-3,0.197,FALSE,FALSE
"S47G01N97","원주 DB","서울 SK",4,122,2278,"블록","정효근","원주 DB",-3,0.197,FALSE,FALSE
"S47G01N97","원주 DB","서울 SK",4,122,2278,"수비리바","강상재","원주 DB",-3,0.197,FALSE,FALSE
"S47G01N97","원주 DB","서울 SK",4,107,2293,"2점 성공","에삼 무스타파","원주 DB",-3,0.214,FALSE,FALSE
"S47G01N97","원주 DB","서울 SK",4,107,2293,"어시스트","이선 알바노","원주 DB",-1,0.41,FALSE,FALSE
"S47G01N97","원주 DB","서울 SK",4,107,2293,"타임아웃",NA,"서울 SK",-1,0.41,FALSE,FALSE
"S47G01N97","원주 DB","서울 SK",4,92,2308,"3점 실패","자밀 워니","서울 SK",-1,0.357,FALSE,FALSE
"S47G01N97","원주 DB","서울 SK",4,90,2310,"공격리바","오세근","서울 SK",-1,0.355,FALSE,FALSE
"S47G01N97","원주 DB","서울 SK",4,80,2320,"2점 실패","안영준","서울 SK",-1,0.347,FALSE,FALSE
"S47G01N97","원주 DB","서울 SK",4,80,2320,"블록","에삼 무스타파","원주 DB",-1,0.347,FALSE,FALSE
"S47G01N97","원주 DB","서울 SK",4,80,2320,"code_218",NA,"서울 SK",-1,0.347,FALSE,FALSE
"S47G01N97","원주 DB","서울 SK",4,75,2325,"2점 실패","자밀 워니","서울 SK",-1,0.342,FALSE,FALSE
"S47G01N97","원주 DB","서울 SK",4,73,2327,"수비리바","정효근","원주 DB",-1,0.34,FALSE,FALSE
"S47G01N97","원주 DB","서울 SK",4,55,2345,"2점 실패","정효근","원주 DB",-1,0.376,FALSE,FALSE
"S47G01N97","원주 DB","서울 SK",4,53,2347,"공격리바","이용우","원주 DB",-1,0.374,FALSE,FALSE
"S47G01N97","원주 DB","서울 SK",4,41,2359,"code_228",NA,NA,-1,0.357,FALSE,FALSE
"S47G01N97","원주 DB","서울 SK",4,41,2359,"code_227","오세근","서울 SK",-1,0.357,FALSE,FALSE
"S47G01N97","원주 DB","서울 SK",4,37,2363,"3점 실패","이선 알바노","원주 DB",-1,0.35,TRUE,FALSE
"S47G01N97","원주 DB","서울 SK",4,37,2363,"code_228",NA,NA,-1,0.35,FALSE,FALSE
"S47G01N97","원주 DB","서울 SK",4,33,2367,"code_218",NA,"원주 DB",-1,0.342,FALSE,FALSE
"S47G01N97","원주 DB","서울 SK",4,17,2383,"2점 실패","이선 알바노","원주 DB",-1,0.285,TRUE,FALSE
"S47G01N97","원주 DB","서울 SK",4,16,2384,"공격리바","에삼 무스타파","원주 DB",-1,0.279,FALSE,FALSE
"S47G01N97","원주 DB","서울 SK",4,15,2385,"2점 실패","에삼 무스타파","원주 DB",-1,0.273,FALSE,FALSE
"S47G01N97","원주 DB","서울 SK",4,14,2386,"수비리바","자밀 워니","서울 SK",-1,0.265,FALSE,FALSE
"S47G01N97","원주 DB","서울 SK",4,10,2390,"code_214","안영준","서울 SK",-1,0.229,FALSE,FALSE
"S47G01N97","원주 DB","서울 SK",4,9,2391,"code_212","이선 알바노","원주 DB",-1,0.217,FALSE,FALSE
"S47G01N97","원주 DB","서울 SK",4,5,2395,"2점 실패","이선 알바노","원주 DB",-1,0.147,TRUE,FALSE
"S47G01N97","원주 DB","서울 SK",4,4,2396,"블록","자밀 워니","서울 SK",-1,0.121,FALSE,FALSE
"S47G01N97","원주 DB","서울 SK",4,4,2396,"code_218",NA,"원주 DB",-1,0.121,FALSE,FALSE
"S47G01N97","원주 DB","서울 SK",4,4,2396,"code_228",NA,NA,-1,0.121,FALSE,FALSE
"S47G01N97","원주 DB","서울 SK",4,4,2396,"타임아웃",NA,"원주 DB",-1,0.121,FALSE,FALSE
"S47G01N97","원주 DB","서울 SK",4,4,2396,"교체OUT","에삼 무스타파","원주 DB",-1,0.121,FALSE,FALSE
"S47G01N97","원주 DB","서울 SK",4,4,2396,"교체IN","헨리 엘런슨","원주 DB",-1,0.121,FALSE,FALSE
"S47G01N97","원주 DB","서울 SK",4,1,2399,"파울","자밀 워니","서울 SK",-1,0.01,FALSE,FALSE
"S47G01N97","원주 DB","서울 SK",4,1,2399,"자유투부여",NA,"서울 SK",-1,0.01,FALSE,FALSE
"S47G01N97","원주 DB","서울 SK",4,0,2400,"3점 성공","이선 알바노","원주 DB",-1,0,TRUE,TRUE
"S47G01N97","원주 DB","서울 SK",4,0,2400,"어시스트","강상재","원주 DB",2,1,FALSE,FALSE
"S47G01N97","원주 DB","서울 SK",4,0,2400,"쿼터종료",NA,NA,2,1,FALSE,FALSE
"S47G01N97","원주 DB","서울 SK",4,0,2400,"교체OUT","강상재","원주 DB",2,1,FALSE,FALSE
"S47G01N97","원주 DB","서울 SK",4,0,2400,"교체OUT","이선 알바노","원주 DB",2,1,FALSE,FALSE
"S47G01N97","원주 DB","서울 SK",4,0,2400,"교체OUT","정효근","원주 DB",2,1,FALSE,FALSE
"S47G01N97","원주 DB","서울 SK",4,0,2400,"교체OUT","헨리 엘런슨","원주 DB",2,1,FALSE,FALSE
"S47G01N97","원주 DB","서울 SK",4,0,2400,"교체OUT","이용우","원주 DB",2,1,FALSE,FALSE
"S47G01N97","원주 DB","서울 SK",4,0,2400,"교체OUT","오세근","서울 SK",2,1,FALSE,FALSE
"S47G01N97","원주 DB","서울 SK",4,0,2400,"교체OUT","자밀 워니","서울 SK",2,1,FALSE,FALSE
"S47G01N97","원주 DB","서울 SK",4,0,2400,"교체OUT","알빈 톨렌티노","서울 SK",2,1,FALSE,FALSE
"S47G01N97","원주 DB","서울 SK",4,0,2400,"교체OUT","안영준","서울 SK",2,1,FALSE,FALSE
"S47G01N97","원주 DB","서울 SK",4,0,2400,"교체OUT","김낙현","서울 SK",2,1,FALSE,FALSE
